"ID","Description","GeneRatio","BgRatio","RichFactor","FoldEnrichment","zScore","pvalue","p.adjust","qvalue","geneID","Count"
"GO:0048168","regulation of neuronal synaptic plasticity","11/24","80/25615",0.1375,146.752604166667,39.9847219662854,3.25251437967434e-22,5.73093033698618e-19,1.98232192192783e-19,"Grin1/Syp/Grin2b/Syn1/Bdnf/Grin2a/Camk2b/Arc/Egr1/Dlg4/Camk2a",11
"GO:0048167","regulation of synaptic plasticity","15/24","400/25615",0.0375,40.0234375,24.0894412852851,7.0926153590912e-22,6.24859413135935e-19,2.16138120679674e-19,"Grin1/Syp/Npas4/Mapk1/Ntrk2/Grin2b/Syn1/Bdnf/Grin2a/Camk2b/Creb1/Arc/Egr1/Dlg4/Camk2a",15
"GO:0048169","regulation of long-term neuronal synaptic plasticity","8/24","39/25615",0.205128205128205,218.931623931624,41.7096880719257,9.68648127176257e-18,5.68919333361522e-15,1.96788514257913e-15,"Grin1/Syp/Grin2b/Bdnf/Grin2a/Camk2b/Egr1/Dlg4",8
"GO:0007611","learning or memory","11/24","367/25615",0.0299727520435967,31.9896684831971,18.3120584857806,9.50559771352377e-15,4.18721579280722e-12,1.44835291477112e-12,"Fos/Grin1/Npas4/Jun/Ntrk2/Grin2b/Bdnf/Grin2a/Creb1/Arc/Egr1",11
"GO:0050890","cognition","11/24","415/25615",0.0265060240963855,28.2896586345382,17.1641608644466,3.65612644533253e-14,1.28841895933518e-11,4.4566257091527e-12,"Fos/Grin1/Npas4/Jun/Ntrk2/Grin2b/Bdnf/Grin2a/Creb1/Arc/Egr1",11
"GO:0007613","memory","9/24","185/25615",0.0486486486486487,51.9222972972973,21.2873385544706,5.2347725513395e-14,1.53727820591003e-11,5.3174268547817e-12,"Fos/Grin1/Npas4/Ntrk2/Grin2b/Grin2a/Creb1/Arc/Egr1",9
"GO:0007612","learning","9/24","212/25615",0.0424528301886792,45.3095518867925,19.8391691073939,1.80400631040413e-13,4.5409415984744e-11,1.57070624620149e-11,"Fos/Grin1/Npas4/Jun/Ntrk2/Grin2b/Bdnf/Grin2a/Creb1",9
"GO:0071375","cellular response to peptide hormone stimulus","10/24","384/25615",0.0260416666666667,27.7940538194444,16.2008388015573,8.30063994231038e-13,1.82821594729386e-10,6.3237770086812e-11,"Fos/Pik3ca/Akt1/Mapk3/Mapk1/Jun/Pik3r1/Akt2/Creb1/Camk2a",10
"GO:0032868","response to insulin","9/24","331/25615",0.027190332326284,29.0200151057402,15.7130381950222,9.93816344084596e-12,1.94567155364118e-09,6.73005454064305e-10,"Fos/Pik3ca/Akt1/Mapk3/Mapk1/Jun/Pik3r1/Akt2/Egr1",9
"GO:0050806","positive regulation of synaptic transmission","9/24","338/25615",0.0266272189349112,28.4190088757396,15.5398933209337,1.1980655918429e-11,2.11099157282719e-09,7.30189450186356e-10,"Grin1/Mapk1/Ntrk2/Grin2b/Grin2a/Camk2b/Creb1/Arc/Dlg4",9
"GO:0060079","excitatory postsynaptic potential","7/24","136/25615",0.0514705882352941,54.9341299019608,19.3126840958835,3.26673944321364e-11,5.23272263540221e-09,1.80999247619205e-09,"Grin1/Npas4/Ntrk2/Grin2b/Bdnf/Grin2a/Dlg4",7
"GO:0051402","neuron apoptotic process","9/24","389/25615",0.0231362467866324,24.6931233933162,14.4202774445699,4.18920664753952e-11,6.15115176080386e-09,2.12767600782928e-09,"Grin1/Pik3ca/Akt1/Gapdh/Jun/Ntrk2/Bdnf/Akt2/Egr1",9
"GO:0018105","peptidyl-serine phosphorylation","7/24","147/25615",0.0476190476190476,50.8234126984127,18.552199824954,5.66181569391471e-11,7.67019441510503e-09,2.65311103790299e-09,"Akt1/Mapk3/Mapk1/Ntrk2/Bdnf/Camk2b/Camk2a",7
"GO:0018209","peptidyl-serine modification","7/24","149/25615",0.0469798657718121,50.1412192393736,18.4229591619914,6.22859025036788e-11,7.67019441510503e-09,2.65311103790299e-09,"Akt1/Mapk3/Mapk1/Ntrk2/Bdnf/Camk2b/Camk2a",7
"GO:0099565","chemical synaptic transmission, postsynaptic","7/24","150/25615",0.0466666666666667,49.8069444444444,18.3592993812662,6.52967742489077e-11,7.67019441510503e-09,2.65311103790299e-09,"Grin1/Npas4/Ntrk2/Grin2b/Bdnf/Grin2a/Dlg4",7
"GO:1990778","protein localization to cell periphery","9/24","419/25615",0.0214797136038186,22.9251193317422,13.8574676197173,8.09985197503665e-11,8.91996198750911e-09,3.08540414049094e-09,"Grin1/Akt1/Actb/Pik3r1/Grin2a/Akt2/Camk2b/Dlg4/Camk2a",9
"GO:0035235","ionotropic glutamate receptor signaling pathway","5/24","34/25615",0.147058823529412,156.954656862745,27.8663278416343,1.264627626016e-10,1.31074933943541e-08,4.53386622577872e-09,"Grin1/Grin2b/Grin2a/Dlg4/Camk2a",5
"GO:0060078","regulation of postsynaptic membrane potential","7/24","183/25615",0.0382513661202186,40.825364298725,16.5575372060772,2.64429923904455e-10,2.58847514399805e-08,8.95350444097541e-09,"Grin1/Npas4/Ntrk2/Grin2b/Bdnf/Grin2a/Dlg4",7
"GO:1990806","ligand-gated ion channel signaling pathway","5/24","40/25615",0.125,133.411458333333,25.66542370148,2.9794561132926e-10,2.76305351137977e-08,9.55736891743167e-09,"Grin1/Grin2b/Grin2a/Dlg4/Camk2a",5
"GO:0007616","long-term memory","5/24","43/25615",0.116279069767442,124.103682170543,24.7413628354573,4.35055399460075e-10,3.83283806924326e-08,1.32577408572307e-08,"Grin1/Npas4/Ntrk2/Arc/Egr1",5
"GO:0099173","postsynapse organization","8/24","339/25615",0.023598820058997,25.1868239921337,13.7285672367705,5.30041513105426e-10,4.44730069567505e-08,1.53831597036612e-08,"Grin1/Akt1/Actb/Grin2b/Grin2a/Camk2b/Arc/Dlg4",8
"GO:0097305","response to alcohol","8/24","344/25615",0.0232558139534884,24.8207364341085,13.6214671168025,5.9496475095532e-10,4.76512677810579e-08,1.64825163063699e-08,"Fos/Grin1/Akt1/Npas4/Jun/Grin2b/Grin2a/Creb1",8
"GO:1905475","regulation of protein localization to membrane","7/24","207/25615",0.0338164251207729,36.0919887278583,15.5241778166599,6.26283025331432e-10,4.79787256797384e-08,1.65957836003158e-08,"Pik3ca/Akt1/Actb/Pik3r1/Camk2b/Dlg4/Camk2a",7
"GO:0014044","Schwann cell development","5/24","47/25615",0.106382978723404,113.541666666667,23.6490983649154,6.91564498333622e-10,4.87414658425537e-08,1.68596145067439e-08,"Akt1/Mapk3/Mapk1/Ntrk2/Akt2",5
"GO:2000463","positive regulation of excitatory postsynaptic potential","5/24","47/25615",0.106382978723404,113.541666666667,23.6490983649154,6.91564498333622e-10,4.87414658425537e-08,1.68596145067439e-08,"Grin1/Ntrk2/Grin2b/Grin2a/Dlg4",5
"GO:0048511","rhythmic process","8/24","357/25615",0.0224089635854342,23.9169000933707,13.3533796030591,7.97091895596306e-10,5.40183046169497e-08,1.86848667024397e-08,"Grin1/Jun/Ntrk2/Grin2b/Bdnf/Grin2a/Creb1/Egr1",8
"GO:0097061","dendritic spine organization","6/24","119/25615",0.0504201680672269,53.813025210084,17.6839466387325,1.11271769765019e-09,7.26151327133199e-08,2.51174872101154e-08,"Grin1/Grin2b/Grin2a/Camk2b/Arc/Dlg4",6
"GO:0014037","Schwann cell differentiation","5/24","53/25615",0.0943396226415094,100.687893081761,22.2476237828116,1.28898003955594e-09,8.11136724891986e-08,2.80571219136424e-08,"Akt1/Mapk3/Mapk1/Ntrk2/Akt2",5
"GO:0048009","insulin-like growth factor receptor signaling pathway","5/24","55/25615",0.0909090909090909,97.0265151515152,21.8319628393617,1.560626502903e-09,9.48215137281067e-08,3.27986477379615e-08,"Pik3ca/Akt1/Mapk3/Mapk1/Pik3r1",5
"GO:0106027","neuron projection organization","6/24","131/25615",0.0458015267175573,48.8835877862595,16.8263232592523,1.98952472941261e-09,1.16851419107501e-07,4.04187655554352e-08,"Grin1/Grin2b/Grin2a/Camk2b/Arc/Dlg4",6
"GO:0060291","long-term synaptic potentiation","7/24","250/25615",0.028,29.8841666666667,14.0544258430692,2.33009035639922e-09,1.3243932928953e-07,4.58106049696145e-08,"Mapk1/Ntrk2/Grin2b/Grin2a/Camk2b/Creb1/Arc",7
"GO:0050807","regulation of synapse organization","8/24","412/25615",0.0194174757281553,20.7241100323625,12.360060597117,2.45774304289556e-09,1.35329476299437e-07,4.68103033498857e-08,"Grin1/Akt1/Grin2b/Pik3r1/Bdnf/Camk2b/Arc/Dlg4",8
"GO:0050803","regulation of synapse structure or activity","8/24","421/25615",0.0190023752969121,20.2810768012668,12.2158717616141,2.91110314511073e-09,1.53936220150858e-07,5.3246353705327e-08,"Grin1/Akt1/Grin2b/Pik3r1/Bdnf/Camk2b/Arc/Dlg4",8
"GO:0008306","associative learning","6/24","140/25615",0.0428571428571429,45.7410714285714,16.2560114542611,2.97039244331963e-09,1.53936220150858e-07,5.3246353705327e-08,"Fos/Grin1/Grin2b/Bdnf/Grin2a/Creb1",6
"GO:0007215","glutamate receptor signaling pathway","5/24","68/25615",0.0735294117647059,78.4773284313725,19.5911456950924,4.63894738425485e-09,2.33537865458773e-07,8.07804672325882e-08,"Grin1/Grin2b/Grin2a/Dlg4/Camk2a",5
"GO:0033002","muscle cell proliferation","7/24","282/25615",0.024822695035461,26.4930555555556,13.1826836433557,5.36558322380286e-09,2.62615490009462e-07,9.08383826485923e-08,"Fos/Pik3ca/Akt1/Mapk1/Jun/Pik3r1/Egr1",7
"GO:0009314","response to radiation","8/24","475/25615",0.0168421052631579,17.9754385964912,11.436308632939,7.47273498637628e-09,3.55863757999865e-07,1.23092846575018e-07,"Fos/Grin1/Akt1/Pik3r1/Grin2a/Akt2/Creb1/Egr1",8
"GO:0098815","modulation of excitatory postsynaptic potential","5/24","76/25615",0.0657894736842105,70.2165570175439,18.5061270699186,8.18105808518273e-09,3.79342745949789e-07,1.31214200313596e-07,"Grin1/Ntrk2/Grin2b/Grin2a/Dlg4",5
"GO:0008286","insulin receptor signaling pathway","6/24","168/25615",0.0357142857142857,38.1175595238095,14.7814301231858,8.88170402531473e-09,4.01270833143707e-07,1.38799099342975e-07,"Pik3ca/Akt1/Mapk3/Mapk1/Pik3r1/Akt2",6
"GO:0045471","response to ethanol","6/24","176/25615",0.0340909090909091,36.3849431818182,14.4253219230623,1.17331985218276e-08,5.16847394886507e-07,1.78776893266795e-07,"Fos/Grin1/Jun/Grin2b/Grin2a/Creb1",6
"GO:0007422","peripheral nervous system development","5/24","82/25615",0.0609756097560976,65.0787601626016,17.7979834570031,1.2037733653801e-08,5.17328943853596e-07,1.78943460476272e-07,"Akt1/Mapk3/Mapk1/Ntrk2/Akt2",5
"GO:0060080","inhibitory postsynaptic potential","4/24","30/25615",0.133333333333333,142.305555555556,23.7152577203219,1.59763705411156e-08,6.70246783177278e-07,2.31837557476339e-07,"Npas4/Grin2b/Bdnf/Grin2a",4
"GO:0043523","regulation of neuron apoptotic process","7/24","332/25615",0.0210843373493976,22.5031375502008,12.0769499802542,1.65221815025659e-08,6.77025204826071e-07,2.34182205385205e-07,"Grin1/Pik3ca/Akt1/Jun/Ntrk2/Bdnf/Egr1",7
"GO:0046777","protein autophosphorylation","6/24","189/25615",0.0317460317460317,33.8822751322751,13.8948682966501,1.79594994929795e-08,7.19196320605225e-07,2.4876914369462e-07,"Akt1/Mapk3/Jun/Ntrk2/Camk2b/Camk2a",6
"GO:0016358","dendrite development","7/24","343/25615",0.0204081632653061,21.781462585034,11.8659921928222,2.06658375503143e-08,8.09182350303417e-07,2.79895203313028e-07,"Grin1/Ntrk2/Bdnf/Camk2b/Arc/Dlg4/Camk2a",7
"GO:0071248","cellular response to metal ion","6/24","195/25615",0.0307692307692308,32.8397435897436,13.667836949993,2.16389259477872e-08,8.28864946086978e-07,2.86703389559926e-07,"Fos/Akt1/Jun/Grin2a/Creb1/Dlg4",6
"GO:0009416","response to light stimulus","7/24","354/25615",0.019774011299435,21.1046374764595,11.6646927264443,2.56598308765788e-08,9.61970680947486e-07,3.3274450341633e-07,"Fos/Grin1/Akt1/Pik3r1/Grin2a/Akt2/Creb1",7
"GO:0048545","response to steroid hormone","7/24","364/25615",0.0192307692307692,20.5248397435897,11.4894588457475,3.10535375852642e-08,1.13992360885907e-06,3.94298207497104e-07,"Fos/Pik3ca/Npas4/Jun/Ntrk2/Pik3r1/Bdnf",7
"GO:0010038","response to metal ion","7/24","382/25615",0.0183246073298429,19.5577006980803,11.1910825353121,4.31971451862994e-08,1.55333407792367e-06,5.37296392327978e-07,"Fos/Akt1/Jun/Grin2a/Camk2b/Creb1/Dlg4",7
"GO:0043524","negative regulation of neuron apoptotic process","6/24","223/25615",0.0269058295964126,28.7163677130045,12.7303688280505,4.80581484168445e-08,1.6935691502096e-06,5.85803535439009e-07,"Grin1/Pik3ca/Akt1/Jun/Ntrk2/Bdnf",6
"GO:0071214","cellular response to abiotic stimulus","7/24","398/25615",0.0175879396984925,18.7714614740369,10.9425531884912,5.71592899027901e-08,1.93682055401377e-06,6.69943903921365e-07,"Pik3ca/Akt1/Mapk3/Actb/Pik3r1/Akt2/Egr1",7
"GO:0104004","cellular response to environmental stimulus","7/24","398/25615",0.0175879396984925,18.7714614740369,10.9425531884912,5.71592899027901e-08,1.93682055401377e-06,6.69943903921365e-07,"Pik3ca/Akt1/Mapk3/Actb/Pik3r1/Akt2/Egr1",7
"GO:0042063","gliogenesis","7/24","402/25615",0.0174129353233831,18.5846807628524,10.8826822292066,6.11925781875769e-08,2.0343645805002e-06,7.03684265553267e-07,"Grin1/Akt1/Mapk3/Mapk1/Ntrk2/Akt2/Creb1",7
"GO:0019233","sensory perception of pain","5/24","114/25615",0.043859649122807,46.8110380116959,15.0122105701073,6.34956539762441e-08,2.07183967233597e-06,7.16646854819598e-07,"Grin1/Mapk3/Mapk1/Grin2b/Grin2a",5
"GO:0050821","protein stabilization","6/24","238/25615",0.0252100840336134,26.906512605042,12.2964001703846,7.0684763065586e-08,2.26448277311932e-06,7.83281872056925e-07,"Akt1/Mapk3/Gapdh/Pik3r1/Akt2/Creb1",6
"GO:0051968","positive regulation of synaptic transmission, glutamatergic","4/24","44/25615",0.0909090909090909,97.0265151515151,19.5229007111424,7.84496362027288e-08,2.43435254963718e-06,8.42039623776764e-07,"Grin1/Ntrk2/Grin2b/Grin2a",4
"GO:0048661","positive regulation of smooth muscle cell proliferation","5/24","119/25615",0.0420168067226891,44.84418767507,14.6808154272607,7.87503378713502e-08,2.43435254963718e-06,8.42039623776764e-07,"Pik3ca/Akt1/Jun/Pik3r1/Egr1",5
"GO:0006006","glucose metabolic process","6/24","250/25615",0.024,25.615,11.9771394521964,9.45543077292617e-08,2.87249465894757e-06,9.93592453271189e-07,"Pik3ca/Akt1/Gapdh/Pik3r1/Akt2/Creb1",6
"GO:0032869","cellular response to insulin stimulus","6/24","259/25615",0.0231660231660232,24.7249034749035,11.7520778496908,1.16517330563328e-07,3.46361459142714e-06,1.19806012810581e-06,"Pik3ca/Akt1/Mapk3/Mapk1/Pik3r1/Akt2",6
"GO:1903076","regulation of protein localization to plasma membrane","5/24","129/25615",0.0387596899224806,41.3678940568475,14.0760501090455,1.17943743181401e-07,3.46361459142714e-06,1.19806012810581e-06,"Akt1/Actb/Pik3r1/Camk2b/Camk2a",5
"GO:0001934","positive regulation of protein phosphorylation","7/24","446/25615",0.015695067264574,16.7512144992526,10.2765937794656,1.24022662904968e-07,3.58242511538613e-06,1.23915654567691e-06,"Pik3ca/Akt1/Mapk1/Ntrk2/Pik3r1/Bdnf/Akt2",7
"GO:0009612","response to mechanical stimulus","6/24","268/25615",0.0223880597014925,23.8945895522388,11.5381896130205,1.42524259679102e-07,4.05044750894481e-06,1.40104492961291e-06,"Fos/Pik3ca/Akt1/Mapk3/Jun/Grin2b",6
"GO:1901654","response to ketone","6/24","274/25615",0.0218978102189781,23.3713503649635,11.4013506193224,1.62384188452419e-07,4.54160222306606e-06,1.57093475545448e-06,"Fos/Pik3ca/Akt1/Npas4/Jun/Creb1",6
"GO:0031346","positive regulation of cell projection organization","7/24","473/25615",0.0147991543340381,15.7950140944327,9.94596067165997,1.84702109235176e-07,5.08507994488093e-06,1.7589230468284e-06,"Grin1/Akt1/Ntrk2/Pik3r1/Bdnf/Camk2b/Dlg4",7
"GO:0042327","positive regulation of phosphorylation","7/24","476/25615",0.0147058823529412,15.6954656862745,9.91090984216258,1.92774313021144e-07,5.22566676220394e-06,1.80755185812539e-06,"Pik3ca/Akt1/Mapk1/Ntrk2/Pik3r1/Bdnf/Akt2",7
"GO:0070849","response to epidermal growth factor","4/24","55/25615",0.0727272727272727,77.6212121212121,17.4200995745575,1.9574290872621e-07,5.22574250266034e-06,1.8075780566583e-06,"Fos/Akt1/Mapk3/Mapk1",4
"GO:0019318","hexose metabolic process","6/24","291/25615",0.0206185567010309,22.0060137457045,11.0363301144193,2.3138216217062e-07,6.06508155976193e-06,2.09790442864099e-06,"Pik3ca/Akt1/Gapdh/Pik3r1/Akt2/Creb1",6
"GO:0021782","glial cell development","5/24","148/25615",0.0337837837837838,36.0571509009009,13.0984309986295,2.34066711727475e-07,6.06508155976193e-06,2.09790442864099e-06,"Akt1/Mapk3/Mapk1/Ntrk2/Akt2",5
"GO:1990090","cellular response to nerve growth factor stimulus","4/24","58/25615",0.0689655172413793,73.6063218390805,16.9525171244801,2.43046552634685e-07,6.20649312670022e-06,2.14681851983955e-06,"Akt1/Ntrk2/Bdnf/Creb1",4
"GO:0007631","feeding behavior","5/24","153/25615",0.0326797385620915,34.8788126361656,12.8714755062462,2.76134576429875e-07,6.85280455872449e-06,2.37037686809336e-06,"Fos/Grin1/Ntrk2/Grin2b/Bdnf",5
"GO:1902414","protein localization to cell junction","5/24","153/25615",0.0326797385620915,34.8788126361656,12.8714755062462,2.76134576429875e-07,6.85280455872449e-06,2.37037686809336e-06,"Grin1/Actb/Grin2a/Dlg4/Camk2a",5
"GO:1990089","response to nerve growth factor","4/24","61/25615",0.0655737704918033,69.9863387978142,16.5195899962838,2.98388787579607e-07,7.30223671826761e-06,2.52583491240632e-06,"Akt1/Ntrk2/Bdnf/Creb1",4
"GO:0005996","monosaccharide metabolic process","6/24","313/25615",0.0191693290734824,20.4592651757189,10.607715770077,3.54843148172258e-07,8.56484420656874e-06,2.96256932648504e-06,"Pik3ca/Akt1/Gapdh/Pik3r1/Akt2/Creb1",6
"GO:0072659","protein localization to plasma membrane","6/24","319/25615",0.0188087774294671,20.0744514106583,10.4983770538375,3.96579081459758e-07,9.44286948016344e-06,3.26627721429872e-06,"Akt1/Actb/Pik3r1/Akt2/Camk2b/Camk2a",6
"GO:0001666","response to hypoxia","6/24","332/25615",0.0180722891566265,19.2884036144578,10.2714376055528,5.00953366482727e-07,1.17690644232342e-05,4.07090525183858e-06,"Fos/Akt1/Jun/Grin2b/Creb1/Egr1",6
"GO:1904375","regulation of protein localization to cell periphery","5/24","176/25615",0.0284090909090909,30.3207859848485,11.9531568750966,5.53112006798875e-07,1.28234652102581e-05,4.43562121795774e-06,"Akt1/Actb/Pik3r1/Camk2b/Camk2a",5
"GO:0031644","regulation of nervous system process","5/24","178/25615",0.0280898876404494,29.9801029962547,11.8816751891543,5.84915599751596e-07,1.33846920358742e-05,4.62974890302357e-06,"Grin1/Ntrk2/Grin2b/Grin2a/Dlg4",5
"GO:1903539","protein localization to postsynaptic membrane","4/24","79/25615",0.0506329113924051,54.0400843881857,14.4591249994293,8.49493700821186e-07,1.9189844882653e-05,6.63774430196312e-06,"Grin1/Grin2a/Dlg4/Camk2a",4
"GO:0062237","protein localization to postsynapse","4/24","80/25615",0.05,53.3645833333333,14.3653234701007,8.93644995252356e-07,1.99316769827171e-05,6.89434313459179e-06,"Grin1/Grin2a/Dlg4/Camk2a",4
"GO:0048660","regulation of smooth muscle cell proliferation","5/24","195/25615",0.0256410256410256,27.366452991453,11.3183191761921,9.17802953678455e-07,2.0178141847996e-05,6.97959503553956e-06,"Pik3ca/Akt1/Jun/Pik3r1/Egr1",5
"GO:0036293","response to decreased oxygen levels","6/24","369/25615",0.016260162601626,17.3543360433604,9.69059640551751,9.27599029334662e-07,2.0178141847996e-05,6.97959503553956e-06,"Fos/Akt1/Jun/Grin2b/Creb1/Egr1",6
"GO:0042552","myelination","5/24","197/25615",0.0253807106598985,27.0886209813875,11.2567816940225,9.65157959423526e-07,2.07391259085884e-05,7.17363874847524e-06,"Akt1/Mapk3/Mapk1/Ntrk2/Akt2",5
"GO:0050805","negative regulation of synaptic transmission","4/24","82/25615",0.048780487804878,52.0630081300813,14.1828364290734,9.87041711314139e-07,2.09538252450062e-05,7.24790299113363e-06,"Ntrk2/Grin2b/Bdnf/Arc",4
"GO:0007272","ensheathment of neurons","5/24","200/25615",0.025,26.6822916666667,11.1661744782771,1.03978810273663e-06,2.15541957296699e-05,7.45557042086079e-06,"Akt1/Mapk3/Mapk1/Ntrk2/Akt2",5
"GO:0008366","axon ensheathment","5/24","200/25615",0.025,26.6822916666667,11.1661744782771,1.03978810273663e-06,2.15541957296699e-05,7.45557042086079e-06,"Akt1/Mapk3/Mapk1/Ntrk2/Akt2",5
"GO:0099175","regulation of postsynapse organization","5/24","201/25615",0.0248756218905473,26.549543946932,11.136413893278,1.06565207177604e-06,2.18334761682486e-05,7.55217318920839e-06,"Grin1/Akt1/Grin2b/Camk2b/Arc",5
"GO:0048172","regulation of short-term neuronal synaptic plasticity","3/24","22/25615",0.136363636363636,145.539772727273,20.7701103836921,1.09995487094836e-06,2.21517742572919e-05,7.66227211599977e-06,"Syp/Syn1/Bdnf",3
"GO:0009267","cellular response to starvation","5/24","203/25615",0.0246305418719212,26.2879720853859,11.077539163134,1.11890346702553e-06,2.21517742572919e-05,7.66227211599977e-06,"Fos/Akt1/Mapk3/Mapk1/Jun",5
"GO:0048659","smooth muscle cell proliferation","5/24","203/25615",0.0246305418719212,26.2879720853859,11.077539163134,1.11890346702553e-06,2.21517742572919e-05,7.66227211599977e-06,"Pik3ca/Akt1/Jun/Pik3r1/Egr1",5
"GO:0031647","regulation of protein stability","6/24","383/25615",0.0156657963446475,16.7199738903394,9.49240073777243,1.15173704973037e-06,2.25484520180546e-05,7.79948247712145e-06,"Akt1/Mapk3/Gapdh/Pik3r1/Akt2/Creb1",6
"GO:0048813","dendrite morphogenesis","5/24","208/25615",0.0240384615384615,25.6560496794872,10.9340024071504,1.26125798321845e-06,2.44212809497902e-05,8.44729175573722e-06,"Grin1/Camk2b/Arc/Dlg4/Camk2a",5
"GO:0051966","regulation of synaptic transmission, glutamatergic","4/24","90/25615",0.0444444444444444,47.4351851851852,13.5140728660625,1.43476796575177e-06,2.73560515469586e-05,9.46242538125877e-06,"Grin1/Ntrk2/Grin2b/Grin2a",4
"GO:0035994","response to muscle stretch","3/24","24/25615",0.125,133.411458333333,19.8741359473315,1.44387786258068e-06,2.73560515469586e-05,9.46242538125877e-06,"Fos/Pik3ca/Jun",3
"GO:1900452","regulation of long-term synaptic depression","3/24","25/25615",0.12,128.075,19.4668496564033,1.63976152264689e-06,3.07368064138704e-05,1.06318244301517e-05,"Ntrk2/Grin2b/Arc",3
"GO:0014823","response to activity","4/24","94/25615",0.0425531914893617,45.4166666666667,13.2117924048011,1.70805185193364e-06,3.16798669800745e-05,1.09580279475854e-05,"Fos/Pik3ca/Akt1/Creb1",4
"GO:0050905","neuromuscular process","5/24","228/25615",0.0219298245614035,23.405519005848,10.4068054443321,1.97983649885571e-06,3.63382490727476e-05,1.2569356719709e-05,"Grin1/Grin2b/Grin2a/Camk2b/Dlg4",5
"GO:0050810","regulation of steroid biosynthetic process","4/24","101/25615",0.0396039603960396,42.2689768976898,12.7261139827993,2.27689370835839e-06,4.13596568466751e-05,1.43062556390614e-05,"Akt1/Mapk1/Creb1/Egr1",4
"GO:0070482","response to oxygen levels","6/24","433/25615",0.0138568129330254,14.7892609699769,8.86217913532636,2.34353612060749e-06,4.21358229031673e-05,1.45747305459907e-05,"Fos/Akt1/Jun/Grin2b/Creb1/Egr1",6
"GO:0043200","response to amino acid","5/24","238/25615",0.0210084033613445,22.422093837535,10.1678926195027,2.4431795658899e-06,4.34836605565455e-05,1.50409459718262e-05,"Grin1/Pik3ca/Ntrk2/Grin2a/Creb1",5
"GO:0042594","response to starvation","5/24","246/25615",0.0203252032520325,21.6929200542005,9.98707598740869,2.87204010324528e-06,5.06053466191819e-05,1.75043286292528e-05,"Fos/Akt1/Mapk3/Mapk1/Jun",5
"GO:0007623","circadian rhythm","5/24","249/25615",0.0200803212851406,21.4315595716198,9.92146701314448,3.04732134488709e-06,5.31621802939708e-05,1.83887343271457e-05,"Jun/Ntrk2/Bdnf/Creb1/Egr1",5
"GO:1900101","regulation of endoplasmic reticulum unfolded protein response","3/24","31/25615",0.0967741935483871,103.286290322581,17.4507761179018,3.19286121668773e-06,5.51551123902332e-05,1.90780871461527e-05,"Akt1/Pik3r1/Akt2",3
"GO:0043270","positive regulation of monoatomic ion transport","5/24","252/25615",0.0198412698412698,21.176421957672,9.85700113321199,3.23091536874818e-06,5.52706104828572e-05,1.91180377977025e-05,"Grin1/Akt1/Akt2/Arc/Camk2a",5
"GO:0001101","response to acid chemical","5/24","255/25615",0.0196078431372549,20.9272875816993,9.79364480568161,3.42310428219093e-06,5.79952860117348e-05,2.00604997913821e-05,"Grin1/Pik3ca/Ntrk2/Grin2a/Creb1",5
"GO:1904321","response to forskolin","3/24","33/25615",0.0909090909090909,97.0265151515151,16.9036925909785,3.87070932452133e-06,6.49541888553007e-05,2.24675759288005e-05,"Fos/Jun/Creb1",3
"GO:0035418","protein localization to synapse","4/24","116/25615",0.0344827586206897,36.8031609195402,11.8355783749827,3.95572034698401e-06,6.57545212394889e-05,2.27444099394612e-05,"Grin1/Grin2a/Dlg4/Camk2a",4
"GO:0009410","response to xenobiotic stimulus","6/24","479/25615",0.0125260960334029,13.3689979123173,8.36863996588149,4.19043651564063e-06,6.85835747399267e-05,2.37229761481675e-05,"Fos/Grin1/Jun/Bdnf/Grin2a/Creb1",6
"GO:0022011","myelination in peripheral nervous system","3/24","34/25615",0.0882352941176471,94.1727941176471,16.6483238079162,4.2426842489512e-06,6.85835747399267e-05,2.37229761481675e-05,"Akt1/Ntrk2/Akt2",3
"GO:0032292","peripheral nervous system axon ensheathment","3/24","34/25615",0.0882352941176471,94.1727941176471,16.6483238079162,4.2426842489512e-06,6.85835747399267e-05,2.37229761481675e-05,"Akt1/Ntrk2/Akt2",3
"GO:0043279","response to alkaloid","4/24","121/25615",0.0330578512396694,35.2823691460055,11.5756454538391,4.67868791121109e-06,7.49440736323085e-05,2.59230650774279e-05,"Grin1/Bdnf/Creb1/Dlg4",4
"GO:0006816","calcium ion transport","6/24","494/25615",0.0121457489878543,12.9630566801619,8.22219681226511,5.00101316304002e-06,7.93854521916804e-05,2.7459332587958e-05,"Grin1/Akt1/Grin2b/Grin2a/Camk2b/Camk2a",6
"GO:0032369","negative regulation of lipid transport","3/24","37/25615",0.0810810810810811,86.5371621621622,15.9449478541354,5.49881300656906e-06,8.65081117640597e-05,2.99230519812358e-05,"Akt1/Mapk3/Akt2",3
"GO:0019218","regulation of steroid metabolic process","4/24","128/25615",0.03125,33.3528645833333,11.2372245765138,5.8495374151225e-06,9.12113710216447e-05,3.15499037108144e-05,"Akt1/Mapk1/Creb1/Egr1",4
"GO:0035249","synaptic transmission, glutamatergic","4/24","130/25615",0.0307692307692308,32.8397435897436,11.1455014800013,6.22057898093169e-06,9.61461417929969e-05,3.32568349950088e-05,"Grin1/Ntrk2/Grin2b/Grin2a",4
"GO:0031669","cellular response to nutrient levels","5/24","290/25615",0.0172413793103448,18.4015804597701,9.126697596499,6.40248598221325e-06,9.8097220005737e-05,3.39317106059631e-05,"Fos/Akt1/Mapk3/Mapk1/Jun",5
"GO:0010001","glial cell differentiation","5/24","298/25615",0.0167785234899329,17.9075782997763,8.99050555310486,7.3061394551444e-06,0.000110977738965211,3.8387066647265e-05,"Akt1/Mapk3/Mapk1/Ntrk2/Akt2",5
"GO:0001964","startle response","3/24","43/25615",0.0697674418604651,74.4622093023256,14.764425750687,8.70153695762174e-06,0.000128841244700248,4.45660318307208e-05,"Grin1/Grin2b/Grin2a",3
"GO:0033138","positive regulation of peptidyl-serine phosphorylation","3/24","43/25615",0.0697674418604651,74.4622093023256,14.764425750687,8.70153695762174e-06,0.000128841244700248,4.45660318307208e-05,"Akt1/Ntrk2/Bdnf",3
"GO:0099505","regulation of presynaptic membrane potential","3/24","43/25615",0.0697674418604651,74.4622093023256,14.764425750687,8.70153695762174e-06,0.000128841244700248,4.45660318307208e-05,"Grin1/Grin2b/Grin2a",3
"GO:0060996","dendritic spine development","4/24","144/25615",0.0277777777777778,29.6469907407407,10.5569375106321,9.3258265496584e-06,0.000135899631621353,4.70075193911006e-05,"Camk2b/Arc/Dlg4/Camk2a",4
"GO:0001893","maternal placenta development","3/24","44/25615",0.0681818181818182,72.7698863636364,14.5913486844382,9.33249456650606e-06,0.000135899631621353,4.70075193911006e-05,"Akt1/Mapk3/Mapk1",3
"GO:0051054","positive regulation of DNA metabolic process","5/24","314/25615",0.0159235668789809,16.9950902335456,8.73340036957987,9.41212530539308e-06,0.000135935776951661,4.70200220174512e-05,"Akt1/Mapk3/Mapk1/Jun/Actb",5
"GO:0097306","cellular response to alcohol","4/24","146/25615",0.0273972602739726,29.2408675799087,10.4797086936791,9.84821374569652e-06,0.000140949845664263,4.8754382364304e-05,"Fos/Akt1/Npas4/Creb1",4
"GO:0014047","glutamate secretion","3/24","45/25615",0.0666666666666667,71.1527777777778,14.4240247859773,9.99295493167768e-06,0.000140949845664263,4.8754382364304e-05,"Ntrk2/Grin2b/Bdnf",3
"GO:0002761","regulation of myeloid leukocyte differentiation","4/24","147/25615",0.0272108843537415,29.0419501133787,10.4416745824673,1.01173582065253e-05,0.000140949845664263,4.8754382364304e-05,"Fos/Jun/Pik3r1/Creb1",4
"GO:1901655","cellular response to ketone","4/24","147/25615",0.0272108843537415,29.0419501133787,10.4416745824673,1.01173582065253e-05,0.000140949845664263,4.8754382364304e-05,"Fos/Akt1/Npas4/Creb1",4
"GO:0007416","synapse assembly","5/24","319/25615",0.0156739811912226,16.7287095088819,8.65691596782977,1.01592681040644e-05,0.000140949845664263,4.8754382364304e-05,"Grin1/Npas4/Pik3r1/Bdnf/Dlg4",5
"GO:0060292","long-term synaptic depression","3/24","46/25615",0.0652173913043478,69.6059782608696,14.2621401779987,1.06835667352444e-05,0.000147065973339849,5.08699435831127e-05,"Ntrk2/Grin2b/Arc",3
"GO:0099003","vesicle-mediated transport in synapse","5/24","323/25615",0.0154798761609907,16.5215428276574,8.59696695089225,1.07897723505694e-05,0.00014737658047832,5.09773822193364e-05,"Syp/Actb/Syn1/Arc/Camk2a",5
"GO:0050773","regulation of dendrite development","4/24","152/25615",0.0263157894736842,28.0866228070175,10.2570521601788,1.15453285883972e-05,0.000156483607482737,5.41274919245504e-05,"Grin1/Ntrk2/Camk2b/Dlg4",4
"GO:0010565","regulation of ketone metabolic process","4/24","165/25615",0.0242424242424242,25.8737373737374,9.81611908405096,1.59517057762306e-05,0.000212931102861502,7.36526127945574e-05,"Akt1/Akt2/Creb1/Egr1",4
"GO:0051384","response to glucocorticoid","4/24","165/25615",0.0242424242424242,25.8737373737374,9.81611908405096,1.59517057762306e-05,0.000212931102861502,7.36526127945574e-05,"Fos/Pik3ca/Npas4/Pik3r1",4
"GO:0014074","response to purine-containing compound","4/24","167/25615",0.0239520958083832,25.563872255489,9.75279134235951,1.67257552746556e-05,0.000221584817999573,7.66459224695339e-05,"Fos/Jun/Pik3r1/Creb1",4
"GO:0045727","positive regulation of translation","4/24","168/25615",0.0238095238095238,25.4117063492063,9.72154247794928,1.71229860579039e-05,0.000225154488313632,7.78806671447475e-05,"Akt1/Mapk3/Mapk1/Akt2",4
"GO:0099601","regulation of neurotransmitter receptor activity","3/24","54/25615",0.0555555555555556,59.2939814814815,13.1320453381443,1.73712078021748e-05,0.000226423341513303,7.83195619428892e-05,"Grin2a/Arc/Dlg4",3
"GO:1902105","regulation of leukocyte differentiation","5/24","357/25615",0.0140056022408964,14.9480625583567,8.12735462955702,1.74764894698122e-05,0.000226423341513303,7.83195619428892e-05,"Fos/Jun/Actb/Pik3r1/Creb1",5
"GO:0034765","regulation of monoatomic ion transmembrane transport","5/24","358/25615",0.0139664804469274,14.9063081936685,8.11452637690763,1.77130151899238e-05,0.000227812647917122,7.88001213597071e-05,"Grin1/Akt1/Grin2b/Grin2a/Arc",5
"GO:1904951","positive regulation of establishment of protein localization","5/24","360/25615",0.0138888888888889,14.8234953703704,8.08902412016877,1.81935632884539e-05,0.000232297525465622,8.03514351183435e-05,"Akt1/Mapk1/Pik3r1/Grin2a/Akt2",5
"GO:0042307","positive regulation of protein import into nucleus","3/24","57/25615",0.0526315789473684,56.1732456140351,12.7703624146788,2.04541569433313e-05,0.000259282190893164,8.96853984868521e-05,"Akt1/Mapk1/Pik3r1",3
"GO:1902895","positive regulation of miRNA transcription","3/24","58/25615",0.0517241379310345,55.2047413793103,12.6560164898227,2.15565811464603e-05,0.000271304971286164,9.38440637879738e-05,"Fos/Jun/Egr1",3
"GO:0043491","phosphatidylinositol 3-kinase/protein kinase B signal transduction","5/24","374/25615",0.0133689839572193,14.2686051693405,7.91604927357718,2.18493085995781e-05,0.000273038877676997,9.44438199265076e-05,"Pik3ca/Akt1/Ntrk2/Pik3r1/Akt2",5
"GO:0051962","positive regulation of nervous system development","5/24","375/25615",0.0133333333333333,14.2305555555556,7.9040510098317,2.21308018504897e-05,0.000274608963806781,9.49869108334585e-05,"Ntrk2/Pik3r1/Bdnf/Camk2b/Dlg4",5
"GO:0045834","positive regulation of lipid metabolic process","4/24","180/25615",0.0222222222222222,23.7175925925926,9.36663039563406,2.24502086601604e-05,0.000276624249365054,9.56839956881331e-05,"Akt1/Mapk1/Akt2/Creb1",4
"GO:0141091","transforming growth factor beta receptor superfamily signaling pathway","5/24","379/25615",0.0131926121372032,14.0803649956025,7.85651426537075,2.32851833188452e-05,0.000284920090331981,9.85535171170421e-05,"Fos/Mapk3/Jun/Creb1/Egr1",5
"GO:0031960","response to corticosteroid","4/24","183/25615",0.0218579234972678,23.3287795992714,9.28326973252747,2.39530083597932e-05,0.000291070349861763,0.000100680884503233,"Fos/Pik3ca/Npas4/Pik3r1",4
"GO:1905953","negative regulation of lipid localization","3/24","61/25615",0.0491803278688525,52.4897540983606,12.3298270576049,2.50969593058751e-05,0.000302882481485972,0.000104766686648174,"Akt1/Mapk3/Akt2",3
"GO:0018107","peptidyl-threonine phosphorylation","3/24","62/25615",0.0483870967741935,51.6431451612903,12.2263341701063,2.63568673391997e-05,0.000311683223165569,0.000107810852627316,"Akt1/Mapk1/Camk2a",3
"GO:0018210","peptidyl-threonine modification","3/24","62/25615",0.0483870967741935,51.6431451612903,12.2263341701063,2.63568673391997e-05,0.000311683223165569,0.000107810852627316,"Akt1/Mapk1/Camk2a",3
"GO:0033135","regulation of peptidyl-serine phosphorylation","3/24","62/25615",0.0483870967741935,51.6431451612903,12.2263341701063,2.63568673391997e-05,0.000311683223165569,0.000107810852627316,"Akt1/Ntrk2/Bdnf",3
"GO:0048638","regulation of developmental growth","5/24","398/25615",0.0125628140703518,13.4081867671692,7.64018445364465,2.94250676192151e-05,0.000344490270308463,0.000119158770839716,"Pik3ca/Akt1/Mapk1/Bdnf/Creb1",5
"GO:0019216","regulation of lipid metabolic process","5/24","399/25615",0.012531328320802,13.374582289056,7.62921041501545,2.97799494960084e-05,0.000344490270308463,0.000119158770839716,"Akt1/Mapk1/Akt2/Creb1/Egr1",5
"GO:0007269","neurotransmitter secretion","4/24","194/25615",0.0206185567010309,22.0060137457045,8.99391730331117,3.01017291952e-05,0.000344490270308463,0.000119158770839716,"Syp/Ntrk2/Syn1/Camk2a",4
"GO:0099643","signal release from synapse","4/24","194/25615",0.0206185567010309,22.0060137457045,8.99391730331117,3.01017291952e-05,0.000344490270308463,0.000119158770839716,"Syp/Ntrk2/Syn1/Camk2a",4
"GO:0046942","carboxylic acid transport","5/24","400/25615",0.0125,13.3411458333333,7.6182757591569,3.01381550055878e-05,0.000344490270308463,0.000119158770839716,"Akt1/Ntrk2/Grin2b/Bdnf/Akt2",5
"GO:2000630","positive regulation of miRNA metabolic process","3/24","65/25615",0.0461538461538462,49.2596153846154,11.9301465206869,3.03846285507339e-05,0.000344490270308463,0.000119158770839716,"Fos/Jun/Egr1",3
"GO:0015849","organic acid transport","5/24","401/25615",0.0124688279301746,13.3078761429759,7.60738024242745,3.04997061113055e-05,0.000344490270308463,0.000119158770839716,"Akt1/Ntrk2/Grin2b/Bdnf/Akt2",5
"GO:0006694","steroid biosynthetic process","4/24","195/25615",0.0205128205128205,21.8931623931624,8.96880140239123,3.0712910896593e-05,0.000344688847132464,0.000119227458324689,"Akt1/Mapk1/Creb1/Egr1",4
"GO:0060135","maternal process involved in female pregnancy","3/24","66/25615",0.0454545454545455,48.5132575757576,11.8358790078061,3.18119532120712e-05,0.000354763680757401,0.00012271233117781,"Akt1/Mapk3/Mapk1",3
"GO:0034198","cellular response to amino acid starvation","3/24","67/25615",0.0447761194029851,47.7891791044776,11.7437032451403,3.32826719174296e-05,0.000368830615839692,0.000127578067131359,"Akt1/Mapk3/Mapk1",3
"GO:0006417","regulation of translation","5/24","411/25615",0.0121654501216545,12.9840835360908,7.50052560829158,3.43041148662982e-05,0.000375427642201351,0.000129859970628223,"Akt1/Mapk3/Gapdh/Mapk1/Akt2",5
"GO:0062012","regulation of small molecule metabolic process","5/24","411/25615",0.0121654501216545,12.9840835360908,7.50052560829158,3.43041148662982e-05,0.000375427642201351,0.000129859970628223,"Akt1/Mapk1/Akt2/Creb1/Egr1",5
"GO:0042220","response to cocaine","3/24","68/25615",0.0441176470588235,47.0863970588235,11.6535422377276,3.4797397404442e-05,0.000378475396460659,0.000130914185166809,"Bdnf/Creb1/Dlg4",3
"GO:0007178","cell surface receptor protein serine/threonine kinase signaling pathway","5/24","417/25615",0.0119904076738609,12.7972621902478,7.43818401561741,3.67577612941473e-05,0.000397344634357592,0.000137441031897393,"Fos/Mapk3/Jun/Creb1/Egr1",5
"GO:2000192","negative regulation of fatty acid transport","2/24","10/25615",0.2,213.458333333333,20.5784222935321,3.76868679056389e-05,0.000404904032010584,0.000140055818468324,"Akt1/Akt2",2
"GO:0031663","lipopolysaccharide-mediated signaling pathway","3/24","70/25615",0.0428571428571429,45.7410714285714,11.4789758345833,3.79613116560368e-05,0.000405380794775375,0.000140220730136174,"Akt1/Mapk3/Mapk1",3
"GO:1990928","response to amino acid starvation","3/24","72/25615",0.0416666666666667,44.4704861111111,11.3116377425731,4.13085658320447e-05,0.000438468030096764,0.000151665565103068,"Akt1/Mapk3/Mapk1",3
"GO:0010907","positive regulation of glucose metabolic process","3/24","73/25615",0.0410958904109589,43.861301369863,11.2305241976644,4.30524602379758e-05,0.00045424212538511,0.000157121805721954,"Akt1/Akt2/Creb1",3
"GO:0062013","positive regulation of small molecule metabolic process","4/24","214/25615",0.0186915887850467,19.9493769470405,8.52466084370827,4.41443425302918e-05,0.000462990068680798,0.000160147708803502,"Akt1/Mapk1/Akt2/Creb1",4
"GO:0060020","Bergmann glial cell differentiation","2/24","11/25615",0.181818181818182,194.05303030303,19.6119036688606,4.60353602502276e-05,0.000474352659420474,0.000164078015296287,"Mapk3/Mapk1",2
"GO:0097151","positive regulation of inhibitory postsynaptic potential","2/24","11/25615",0.181818181818182,194.05303030303,19.6119036688606,4.60353602502276e-05,0.000474352659420474,0.000164078015296287,"Grin2b/Grin2a",2
"GO:1903898","negative regulation of PERK-mediated unfolded protein response","2/24","11/25615",0.181818181818182,194.05303030303,19.6119036688606,4.60353602502276e-05,0.000474352659420474,0.000164078015296287,"Akt1/Akt2",2
"GO:0051963","regulation of synapse assembly","4/24","217/25615",0.0184331797235023,19.673579109063,8.45976634902943,4.66029985541908e-05,0.000474983010572336,0.000164296053002797,"Grin1/Pik3r1/Bdnf/Dlg4",4
"GO:0035176","social behavior","3/24","75/25615",0.04,42.6916666666667,11.0731233323646,4.66837994452062e-05,0.000474983010572336,0.000164296053002797,"Grin1/Npas4/Dlg4",3
"GO:0071356","cellular response to tumor necrosis factor","4/24","218/25615",0.018348623853211,19.5833333333333,8.4384241176724,4.74443869811187e-05,0.000474983010572336,0.000164296053002797,"Fos/Akt1/Mapk3/Mapk1",4
"GO:1902107","positive regulation of leukocyte differentiation","4/24","218/25615",0.018348623853211,19.5833333333333,8.4384241176724,4.74443869811187e-05,0.000474983010572336,0.000164296053002797,"Fos/Jun/Actb/Creb1",4
"GO:1903708","positive regulation of hemopoiesis","4/24","218/25615",0.018348623853211,19.5833333333333,8.4384241176724,4.74443869811187e-05,0.000474983010572336,0.000164296053002797,"Fos/Jun/Actb/Creb1",4
"GO:0032496","response to lipopolysaccharide","5/24","443/25615",0.0112866817155756,12.0461813393529,7.18217305289794,4.90088971915992e-05,0.000485133016020213,0.000167806927699207,"Fos/Akt1/Mapk3/Mapk1/Jun",5
"GO:1903706","regulation of hemopoiesis","5/24","443/25615",0.0112866817155756,12.0461813393529,7.18217305289794,4.90088971915992e-05,0.000485133016020213,0.000167806927699207,"Fos/Jun/Actb/Pik3r1/Creb1",5
"GO:0048639","positive regulation of developmental growth","4/24","223/25615",0.0179372197309417,19.144245142003,8.33380965197269,5.18191711862516e-05,0.000502731962179761,0.000173894382043181,"Akt1/Mapk1/Bdnf/Creb1",4
"GO:0043085","positive regulation of catalytic activity","5/24","449/25615",0.0111358574610245,11.8852078693393,7.12612598926983,5.2239338894964e-05,0.000502731962179761,0.000173894382043181,"Pik3ca/Akt1/Mapk3/Akt2/Camk2b",5
"GO:0008542","visual learning","3/24","78/25615",0.0384615384615385,41.0496794871795,10.8483103978271,5.24986839052645e-05,0.000502731962179761,0.000173894382043181,"Grin1/Grin2a/Creb1",3
"GO:0051703","biological process involved in intraspecies interaction between organisms","3/24","78/25615",0.0384615384615385,41.0496794871795,10.8483103978271,5.24986839052645e-05,0.000502731962179761,0.000173894382043181,"Grin1/Npas4/Dlg4",3
"GO:0051965","positive regulation of synapse assembly","3/24","78/25615",0.0384615384615385,41.0496794871795,10.8483103978271,5.24986839052645e-05,0.000502731962179761,0.000173894382043181,"Pik3r1/Bdnf/Dlg4",3
"GO:1902893","regulation of miRNA transcription","3/24","78/25615",0.0384615384615385,41.0496794871795,10.8483103978271,5.24986839052645e-05,0.000502731962179761,0.000173894382043181,"Fos/Jun/Egr1",3
"GO:0002763","positive regulation of myeloid leukocyte differentiation","3/24","79/25615",0.0379746835443038,40.5300632911392,10.7761918736549,5.45374677291241e-05,0.000517454517061625,0.000178986896098143,"Fos/Jun/Creb1",3
"GO:0015911","long-chain fatty acid import across plasma membrane","2/24","12/25615",0.166666666666667,177.881944444444,18.768492610629,5.52108111280281e-05,0.000517454517061625,0.000178986896098143,"Akt1/Akt2",2
"GO:0060439","trachea morphogenesis","2/24","12/25615",0.166666666666667,177.881944444444,18.768492610629,5.52108111280281e-05,0.000517454517061625,0.000178986896098143,"Mapk3/Mapk1",2
"GO:0072584","caveolin-mediated endocytosis","2/24","12/25615",0.166666666666667,177.881944444444,18.768492610629,5.52108111280281e-05,0.000517454517061625,0.000178986896098143,"Mapk3/Mapk1",2
"GO:0000082","G1/S transition of mitotic cell cycle","4/24","227/25615",0.0176211453744493,18.8069016152717,8.25254189983567,5.55258855101629e-05,0.00051765402258681,0.00017905590481974,"Akt1/Actb/Camk2b/Camk2a",4
"GO:0010469","regulation of signaling receptor activity","3/24","80/25615",0.0375,40.0234375,10.7054093992172,5.66274867966774e-05,0.000525145430188135,0.000181647173713442,"Grin2a/Arc/Dlg4",3
"GO:0016051","carbohydrate biosynthetic process","4/24","229/25615",0.0174672489082969,18.6426491994178,8.21268370547326,5.74502301362018e-05,0.000529985892670092,0.000183321483873579,"Akt1/Gapdh/Akt2/Creb1",4
"GO:0002237","response to molecule of bacterial origin","5/24","459/25615",0.0108932461873638,11.6262708787219,7.03504900945734,5.79879175479484e-05,0.000532159951663985,0.000184073488268981,"Fos/Akt1/Mapk3/Mapk1/Jun",5
"GO:0061614","miRNA transcription","3/24","81/25615",0.037037037037037,39.5293209876543,10.635921734063,5.87693331911008e-05,0.000536536606646215,0.000185587367971897,"Fos/Jun/Egr1",3
"GO:0045637","regulation of myeloid cell differentiation","4/24","232/25615",0.0172413793103448,18.4015804597701,8.15383476776326,6.04275726997603e-05,0.000548831871633905,0.000189840285367125,"Fos/Jun/Pik3r1/Creb1",4
"GO:0046824","positive regulation of nucleocytoplasmic transport","3/24","82/25615",0.0365853658536585,39.047256097561,10.5676894011436,6.09635974245103e-05,0.000550860813651217,0.000190542093974583,"Akt1/Mapk1/Pik3r1",3
"GO:0007565","female pregnancy","4/24","233/25615",0.0171673819742489,18.3226037195994,8.13446333615766,6.14446146928686e-05,0.000552374546371604,0.000191065692304892,"Fos/Akt1/Mapk3/Mapk1",4
"GO:0030003","intracellular monoatomic cation homeostasis","5/24","469/25615",0.0106609808102345,11.3783759772566,6.94675625218254,6.42150695083238e-05,0.000568628939075834,0.000196688067223196,"Grin1/Mapk3/Mapk1/Ntrk2/Grin2b",5
"GO:0051336","regulation of hydrolase activity","4/24","236/25615",0.0169491525423729,18.0896892655367,8.07706559496382,6.45708419969709e-05,0.000568628939075834,0.000196688067223196,"Gapdh/Ntrk2/Akt2/Camk2b",4
"GO:0015980","energy derivation by oxidation of organic compounds","5/24","470/25615",0.0106382978723404,11.3541666666667,6.93807444361056,6.48651461668982e-05,0.000568628939075834,0.000196688067223196,"Pik3ca/Akt1/Gapdh/Bdnf/Akt2",5
"GO:0038133","ERBB2-ERBB3 signaling pathway","2/24","13/25615",0.153846153846154,164.198717948718,18.0240410276275,6.52117929265396e-05,0.000568628939075834,0.000196688067223196,"Mapk3/Mapk1",2
"GO:0061517","macrophage proliferation","2/24","13/25615",0.153846153846154,164.198717948718,18.0240410276275,6.52117929265396e-05,0.000568628939075834,0.000196688067223196,"Mapk3/Mapk1",2
"GO:0007632","visual behavior","3/24","84/25615",0.0357142857142857,38.1175595238095,10.4348410721446,6.55117336165688e-05,0.000568628939075834,0.000196688067223196,"Grin1/Grin2a/Creb1",3
"GO:0060997","dendritic spine morphogenesis","3/24","84/25615",0.0357142857142857,38.1175595238095,10.4348410721446,6.55117336165688e-05,0.000568628939075834,0.000196688067223196,"Camk2b/Arc/Dlg4",3
"GO:0046890","regulation of lipid biosynthetic process","4/24","239/25615",0.0167364016736402,17.8626220362622,8.02071654367206,6.78117110703228e-05,0.000585707033852494,0.000202595359699261,"Akt1/Mapk1/Creb1/Egr1",4
"GO:0034612","response to tumor necrosis factor","4/24","241/25615",0.016597510373444,17.7143845089903,7.98371705999452,7.00372509757492e-05,0.000601103632573561,0.000207921024708819,"Fos/Akt1/Mapk3/Mapk1",4
"GO:0045861","negative regulation of proteolysis","3/24","86/25615",0.0348837209302326,37.2311046511628,10.3065803758304,7.02765881442416e-05,0.000601103632573561,0.000207921024708819,"Akt1/Gapdh/Pik3r1",3
"GO:0006873","intracellular monoatomic ion homeostasis","5/24","479/25615",0.0104384133611691,11.1408315935978,6.8611029901578,7.09479874459615e-05,0.000603914753042436,0.000208893387903441,"Grin1/Mapk3/Mapk1/Ntrk2/Grin2b",5
"GO:0071277","cellular response to calcium ion","3/24","87/25615",0.0344827586206897,36.8031609195402,10.2440878985203,7.27417444434092e-05,0.000616206508217726,0.000213145091258775,"Fos/Akt1/Jun",3
"GO:0042306","regulation of protein import into nucleus","3/24","88/25615",0.0340909090909091,36.3849431818182,10.1826459706659,7.5262828802862e-05,0.00063451246100786,0.000219477098347303,"Akt1/Mapk1/Pik3r1",3
"GO:0038129","ERBB3 signaling pathway","2/24","14/25615",0.142857142857143,152.470238095238,17.3605530462805,7.60368797923994e-05,0.000637985629496227,0.000220678463156888,"Mapk3/Mapk1",2
"GO:1905897","regulation of response to endoplasmic reticulum stress","3/24","89/25615",0.0337078651685393,35.9761235955056,10.1222250965863,7.78404208076583e-05,0.00065002285053599,0.000224842123460385,"Akt1/Pik3r1/Akt2",3
"GO:0014706","striated muscle tissue development","5/24","490/25615",0.0102040816326531,10.890731292517,6.76977294855811,7.89717967523689e-05,0.000656359933385255,0.000227034112808449,"Fos/Mapk1/Bdnf/Creb1/Egr1",5
"GO:0030968","endoplasmic reticulum unfolded protein response","3/24","90/25615",0.0333333333333333,35.5763888888889,10.0627969292311,8.0475098491862e-05,0.000662603381040471,0.000229193713855328,"Akt1/Pik3r1/Akt2",3
"GO:0045670","regulation of osteoclast differentiation","3/24","90/25615",0.0333333333333333,35.5763888888889,10.0627969292311,8.0475098491862e-05,0.000662603381040471,0.000229193713855328,"Fos/Pik3r1/Creb1",3
"GO:0042180","ketone metabolic process","4/24","252/25615",0.0158730158730159,16.9411375661376,7.78789278811438,8.32434287637583e-05,0.000679050562415473,0.000234882774143353,"Akt1/Akt2/Creb1/Egr1",4
"GO:0044843","cell cycle G1/S phase transition","4/24","252/25615",0.0158730158730159,16.9411375661376,7.78789278811438,8.32434287637583e-05,0.000679050562415473,0.000234882774143353,"Akt1/Actb/Camk2b/Camk2a",4
"GO:0006836","neurotransmitter transport","4/24","253/25615",0.0158102766798419,16.8741765480896,7.77070483019816,8.45277567879758e-05,0.000686349803965039,0.000237407573030502,"Syp/Ntrk2/Syn1/Camk2a",4
"GO:0015711","organic anion transport","5/24","498/25615",0.0100401606425703,10.7157797858099,6.70516001199934,8.52348393498174e-05,0.000688916453827423,0.000238295374135897,"Akt1/Ntrk2/Grin2b/Bdnf/Akt2",5
"GO:0035655","interleukin-18-mediated signaling pathway","2/24","15/25615",0.133333333333333,142.305555555556,16.764305974468,8.768464762955e-05,0.000689733701443157,0.000238578059104838,"Akt1/Pik3r1",2
"GO:0048308","organelle inheritance","2/24","15/25615",0.133333333333333,142.305555555556,16.764305974468,8.768464762955e-05,0.000689733701443157,0.000238578059104838,"Mapk3/Mapk1",2
"GO:0048313","Golgi inheritance","2/24","15/25615",0.133333333333333,142.305555555556,16.764305974468,8.768464762955e-05,0.000689733701443157,0.000238578059104838,"Mapk3/Mapk1",2
"GO:1903897","regulation of PERK-mediated unfolded protein response","2/24","15/25615",0.133333333333333,142.305555555556,16.764305974468,8.768464762955e-05,0.000689733701443157,0.000238578059104838,"Akt1/Akt2",2
"GO:2000322","regulation of nuclear receptor-mediated glucocorticoid signaling pathway","2/24","15/25615",0.133333333333333,142.305555555556,16.764305974468,8.768464762955e-05,0.000689733701443157,0.000238578059104838,"Ntrk2/Bdnf",2
"GO:2000811","negative regulation of anoikis","2/24","15/25615",0.133333333333333,142.305555555556,16.764305974468,8.768464762955e-05,0.000689733701443157,0.000238578059104838,"Pik3ca/Ntrk2",2
"GO:0034764","positive regulation of transmembrane transport","4/24","256/25615",0.015625,16.6764322916667,7.71972530495823,8.84674593191622e-05,0.000692798503646061,0.000239638170506643,"Grin1/Akt1/Akt2/Arc",4
"GO:2000628","regulation of miRNA metabolic process","3/24","94/25615",0.0319148936170213,34.0625,9.83448149456817,9.15961725587726e-05,0.00071412591171928,0.000247015295349461,"Fos/Jun/Egr1",3
"GO:0044703","multi-organism reproductive process","4/24","262/25615",0.0152671755725191,16.2945292620865,7.62031242299515,9.67460595324529e-05,0.000750953995137366,0.000259754085181035,"Fos/Akt1/Mapk3/Mapk1",4
"GO:0051290","protein heterotetramerization","2/24","16/25615",0.125,133.411458333333,16.2246282583276,0.000100153674097406,0.000770614732574801,0.000266554710652255,"Grin1/Grin2b",2
"GO:0071351","cellular response to interleukin-18","2/24","16/25615",0.125,133.411458333333,16.2246282583276,0.000100153674097406,0.000770614732574801,0.000266554710652255,"Akt1/Pik3r1",2
"GO:0015800","acidic amino acid transport","3/24","98/25615",0.0306122448979592,32.672193877551,9.62004433007585,0.00010367645865577,0.000794251826745509,0.00027473075314275,"Ntrk2/Grin2b/Bdnf",3
"GO:0150076","neuroinflammatory response","3/24","99/25615",0.0303030303030303,32.3421717171717,9.56843875235862,0.00010685066430536,0.000809926617288243,0.000280152644369373,"Mapk3/Mapk1/Jun",3
"GO:1905477","positive regulation of protein localization to membrane","3/24","99/25615",0.0303030303030303,32.3421717171717,9.56843875235862,0.00010685066430536,0.000809926617288243,0.000280152644369373,"Pik3ca/Akt1/Dlg4",3
"GO:0099504","synaptic vesicle cycle","4/24","269/25615",0.0148698884758364,15.8705080545229,7.50840908185081,0.000107101533387151,0.000809926617288243,0.000280152644369373,"Syp/Actb/Syn1/Camk2a",4
"GO:0032890","regulation of organic acid transport","3/24","100/25615",0.03,32.01875,9.51759457980344,0.00011008765121739,0.00082278453150976,0.000284600181458959,"Akt1/Grin2b/Akt2",3
"GO:0006814","sodium ion transport","4/24","271/25615",0.014760147601476,15.7533825338253,7.47720630842917,0.000110202695480308,0.00082278453150976,0.000284600181458959,"Grin1/Akt1/Grin2a/Akt2",4
"GO:0044706","multi-multicellular organism process","4/24","271/25615",0.014760147601476,15.7533825338253,7.47720630842917,0.000110202695480308,0.00082278453150976,0.000284600181458959,"Fos/Akt1/Mapk3/Mapk1",4
"GO:0061308","cardiac neural crest cell development involved in heart development","2/24","17/25615",0.117647058823529,125.563725490196,15.7330791361165,0.000113442538609024,0.000825974186070664,0.000285703479141475,"Mapk3/Mapk1",2
"GO:0071294","cellular response to zinc ion","2/24","17/25615",0.117647058823529,125.563725490196,15.7330791361165,0.000113442538609024,0.000825974186070664,0.000285703479141475,"Grin2a/Creb1",2
"GO:0098828","modulation of inhibitory postsynaptic potential","2/24","17/25615",0.117647058823529,125.563725490196,15.7330791361165,0.000113442538609024,0.000825974186070664,0.000285703479141475,"Grin2b/Grin2a",2
"GO:0150078","positive regulation of neuroinflammatory response","2/24","17/25615",0.117647058823529,125.563725490196,15.7330791361165,0.000113442538609024,0.000825974186070664,0.000285703479141475,"Mapk3/Mapk1",2
"GO:1902950","regulation of dendritic spine maintenance","2/24","17/25615",0.117647058823529,125.563725490196,15.7330791361165,0.000113442538609024,0.000825974186070664,0.000285703479141475,"Grin1/Grin2b",2
"GO:1903358","regulation of Golgi organization","2/24","17/25615",0.117647058823529,125.563725490196,15.7330791361165,0.000113442538609024,0.000825974186070664,0.000285703479141475,"Mapk3/Mapk1",2
"GO:0034620","cellular response to unfolded protein","3/24","102/25615",0.0294117647058824,31.390931372549,9.4181158056121,0.00011675221185562,0.000843104087252471,0.000291628691390872,"Akt1/Pik3r1/Akt2",3
"GO:0051591","response to cAMP","3/24","102/25615",0.0294117647058824,31.390931372549,9.4181158056121,0.00011675221185562,0.000843104087252471,0.000291628691390872,"Fos/Jun/Pik3r1",3
"GO:0043525","positive regulation of neuron apoptotic process","3/24","104/25615",0.0288461538461538,30.7872596153846,9.32146501438428,0.000123674611426162,0.00088944761360366,0.000307658861506971,"Jun/Bdnf/Egr1",3
"GO:0001967","suckling behavior","2/24","18/25615",0.111111111111111,118.587962962963,15.2828827173356,0.000127549822329274,0.000898971147776726,0.000310953040541684,"Grin1/Grin2b",2
"GO:0042921","nuclear receptor-mediated glucocorticoid signaling pathway","2/24","18/25615",0.111111111111111,118.587962962963,15.2828827173356,0.000127549822329274,0.000898971147776726,0.000310953040541684,"Ntrk2/Bdnf",2
"GO:0043217","myelin maintenance","2/24","18/25615",0.111111111111111,118.587962962963,15.2828827173356,0.000127549822329274,0.000898971147776726,0.000310953040541684,"Akt1/Akt2",2
"GO:0061307","cardiac neural crest cell differentiation involved in heart development","2/24","18/25615",0.111111111111111,118.587962962963,15.2828827173356,0.000127549822329274,0.000898971147776726,0.000310953040541684,"Mapk3/Mapk1",2
"GO:2000310","regulation of NMDA receptor activity","2/24","18/25615",0.111111111111111,118.587962962963,15.2828827173356,0.000127549822329274,0.000898971147776726,0.000310953040541684,"Grin2a/Dlg4",2
"GO:0048814","regulation of dendrite morphogenesis","3/24","106/25615",0.0283018867924528,30.2063679245283,9.22750868586812,0.000130859296522867,0.000918621834554946,0.00031775018950195,"Grin1/Camk2b/Dlg4",3
"GO:0090150","establishment of protein localization to membrane","4/24","284/25615",0.0140845070422535,15.0322769953052,7.28218732867376,0.000131977098622118,0.000922792253064177,0.000319192732256502,"Akt1/Grin2a/Akt2/Camk2a",4
"GO:0002573","myeloid leukocyte differentiation","4/24","289/25615",0.013840830449827,14.7722029988466,7.21057221320597,0.000141129386191334,0.00098288529039182,0.000339978841709101,"Fos/Jun/Pik3r1/Creb1",4
"GO:0034976","response to endoplasmic reticulum stress","4/24","292/25615",0.0136986301369863,14.6204337899543,7.16845366934831,0.000146836948092996,0.00101860906511756,0.000352335652490032,"Akt1/Jun/Pik3r1/Akt2",4
"GO:0006094","gluconeogenesis","3/24","111/25615",0.027027027027027,28.8457207207207,9.00360632600452,0.000149997471207151,0.00103240446979297,0.000357107466401893,"Akt1/Gapdh/Creb1",3
"GO:0010586","miRNA metabolic process","3/24","111/25615",0.027027027027027,28.8457207207207,9.00360632600452,0.000149997471207151,0.00103240446979297,0.000357107466401893,"Fos/Jun/Egr1",3
"GO:0045913","positive regulation of carbohydrate metabolic process","3/24","112/25615",0.0267857142857143,28.5881696428571,8.96059727389672,0.000154031168625027,0.00105604248683773,0.000365283828113417,"Akt1/Akt2/Creb1",3
"GO:0031958","nuclear receptor-mediated corticosteroid signaling pathway","2/24","20/25615",0.1,106.729166666667,14.485481477834,0.000158213980803259,0.00105997351397469,0.000366643565679756,"Ntrk2/Bdnf",2
"GO:0036092","phosphatidylinositol-3-phosphate biosynthetic process","2/24","20/25615",0.1,106.729166666667,14.485481477834,0.000158213980803259,0.00105997351397469,0.000366643565679756,"Pik3ca/Pik3r1",2
"GO:0070673","response to interleukin-18","2/24","20/25615",0.1,106.729166666667,14.485481477834,0.000158213980803259,0.00105997351397469,0.000366643565679756,"Akt1/Pik3r1",2
"GO:1900102","negative regulation of endoplasmic reticulum unfolded protein response","2/24","20/25615",0.1,106.729166666667,14.485481477834,0.000158213980803259,0.00105997351397469,0.000366643565679756,"Akt1/Akt2",2
"GO:1902001","fatty acid transmembrane transport","2/24","20/25615",0.1,106.729166666667,14.485481477834,0.000158213980803259,0.00105997351397469,0.000366643565679756,"Akt1/Akt2",2
"GO:2000641","regulation of early endosome to late endosome transport","2/24","20/25615",0.1,106.729166666667,14.485481477834,0.000158213980803259,0.00105997351397469,0.000366643565679756,"Mapk3/Mapk1",2
"GO:0090316","positive regulation of intracellular protein transport","3/24","114/25615",0.0263157894736842,28.0866228070175,8.87624692346424,0.000162308979266525,0.00107889282412837,0.000373187732343824,"Akt1/Mapk1/Pik3r1",3
"GO:1900182","positive regulation of protein localization to nucleus","3/24","114/25615",0.0263157894736842,28.0866228070175,8.87624692346424,0.000162308979266525,0.00107889282412837,0.000373187732343824,"Akt1/Mapk1/Pik3r1",3
"GO:0007626","locomotory behavior","4/24","300/25615",0.0133333333333333,14.2305555555556,7.05911792971847,0.000162874853131752,0.00107889282412837,0.000373187732343824,"Grin1/Grin2a/Egr1/Dlg4",4
"GO:0019319","hexose biosynthetic process","3/24","115/25615",0.0260869565217391,27.8423913043478,8.83488148684847,0.000166554174102966,0.0010991327893986,0.000380188712026876,"Akt1/Gapdh/Creb1",3
"GO:0043278","response to morphine","2/24","21/25615",0.0952380952380952,101.646825396825,14.1299732777815,0.000174768026629368,0.0011405231960035,0.000394505603970385,"Grin1/Creb1",2
"GO:0044539","long-chain fatty acid import into cell","2/24","21/25615",0.0952380952380952,101.646825396825,14.1299732777815,0.000174768026629368,0.0011405231960035,0.000394505603970385,"Akt1/Akt2",2
"GO:0045725","positive regulation of glycogen biosynthetic process","2/24","21/25615",0.0952380952380952,101.646825396825,14.1299732777815,0.000174768026629368,0.0011405231960035,0.000394505603970385,"Akt1/Akt2",2
"GO:0032386","regulation of intracellular transport","4/24","309/25615",0.0129449838187702,13.8160733549083,6.94101794815457,0.000182394250471099,0.00118589914881947,0.000410201091562503,"Akt1/Mapk3/Mapk1/Pik3r1",4
"GO:0046928","regulation of neurotransmitter secretion","3/24","119/25615",0.0252100840336134,26.906512605042,8.67455300431717,0.000184256099657776,0.00119360017498898,0.000412864867267231,"Ntrk2/Syn1/Camk2a",3
"GO:0014072","response to isoquinoline alkaloid","2/24","22/25615",0.0909090909090909,97.0265151515151,13.7988408437695,0.000192134833805209,0.00122217175871761,0.000422747743770534,"Grin1/Creb1",2
"GO:0031998","regulation of fatty acid beta-oxidation","2/24","22/25615",0.0909090909090909,97.0265151515151,13.7988408437695,0.000192134833805209,0.00122217175871761,0.000422747743770534,"Akt1/Akt2",2
"GO:0036499","PERK-mediated unfolded protein response","2/24","22/25615",0.0909090909090909,97.0265151515151,13.7988408437695,0.000192134833805209,0.00122217175871761,0.000422747743770534,"Akt1/Akt2",2
"GO:0060438","trachea development","2/24","22/25615",0.0909090909090909,97.0265151515151,13.7988408437695,0.000192134833805209,0.00122217175871761,0.000422747743770534,"Mapk3/Mapk1",2
"GO:2000209","regulation of anoikis","2/24","22/25615",0.0909090909090909,97.0265151515151,13.7988408437695,0.000192134833805209,0.00122217175871761,0.000422747743770534,"Pik3ca/Ntrk2",2
"GO:0035967","cellular response to topologically incorrect protein","3/24","121/25615",0.0247933884297521,26.4617768595041,8.59732010629514,0.000193547233144709,0.00122233055484221,0.000422802671159354,"Akt1/Pik3r1/Akt2",3
"GO:0043954","cellular component maintenance","3/24","121/25615",0.0247933884297521,26.4617768595041,8.59732010629514,0.000193547233144709,0.00122233055484221,0.000422802671159354,"Grin1/Grin2b/Dlg4",3
"GO:0045927","positive regulation of growth","4/24","315/25615",0.0126984126984127,13.5529100529101,6.86499346691874,0.000196313454877235,0.00123097618325156,0.000425793183644573,"Akt1/Mapk1/Bdnf/Creb1",4
"GO:0050769","positive regulation of neurogenesis","4/24","315/25615",0.0126984126984127,13.5529100529101,6.86499346691874,0.000196313454877235,0.00123097618325156,0.000425793183644573,"Ntrk2/Bdnf/Camk2b/Dlg4",4
"GO:0045639","positive regulation of myeloid cell differentiation","3/24","122/25615",0.0245901639344262,26.2448770491803,8.55940147549772,0.000198304702972245,0.00123467451108514,0.0004270724308013,"Fos/Jun/Creb1",3
"GO:0046364","monosaccharide biosynthetic process","3/24","122/25615",0.0245901639344262,26.2448770491803,8.55940147549772,0.000198304702972245,0.00123467451108514,0.0004270724308013,"Akt1/Gapdh/Creb1",3
"GO:0006835","dicarboxylic acid transport","3/24","123/25615",0.024390243902439,26.0315040650407,8.52193547687742,0.000203137479654906,0.00126031070123924,0.000435939958191959,"Ntrk2/Grin2b/Bdnf",3
"GO:0031503","protein-containing complex localization","3/24","124/25615",0.0241935483870968,25.8215725806452,8.48491300843206,0.000208046089956482,0.00128225429863181,0.000443530222180429,"Grin2a/Dlg4/Camk2a",3
"GO:1901888","regulation of cell junction assembly","4/24","320/25615",0.0125,13.3411458333333,6.80320921342855,0.000208486816093076,0.00128225429863181,0.000443530222180429,"Grin1/Pik3r1/Bdnf/Dlg4",4
"GO:0032011","ARF protein signal transduction","2/24","23/25615",0.0869565217391304,92.8079710144928,13.489407951729,0.000210312992227352,0.00128225429863181,0.000443530222180429,"Grin2b/Grin2a",2
"GO:0032012","regulation of ARF protein signal transduction","2/24","23/25615",0.0869565217391304,92.8079710144928,13.489407951729,0.000210312992227352,0.00128225429863181,0.000443530222180429,"Grin2b/Grin2a",2
"GO:0038128","ERBB2 signaling pathway","2/24","23/25615",0.0869565217391304,92.8079710144928,13.489407951729,0.000210312992227352,0.00128225429863181,0.000443530222180429,"Mapk3/Mapk1",2
"GO:0008637","apoptotic mitochondrial changes","3/24","125/25615",0.024,25.615,8.44832522301729,0.000213031059175211,0.00129434733195421,0.00044771318788547,"Akt1/Jun/Camk2a",3
"GO:0007173","epidermal growth factor receptor signaling pathway","3/24","126/25615",0.0238095238095238,25.4117063492064,8.41216351923651,0.000218092911146165,0.00131915405498575,0.000456293803594449,"Akt1/Mapk3/Mapk1",3
"GO:1904062","regulation of monoatomic cation transmembrane transport","4/24","324/25615",0.0123456790123457,13.1764403292181,6.75476966273674,0.00021861122818152,0.00131915405498575,0.000456293803594449,"Grin1/Akt1/Grin2b/Grin2a",4
"GO:0051259","protein complex oligomerization","4/24","325/25615",0.0123076923076923,13.1358974358974,6.74279348160926,0.000221196834780432,0.00133020076069325,0.000460114845833914,"Grin1/Syp/Grin2b/Arc",4
"GO:0010566","regulation of ketone biosynthetic process","2/24","24/25615",0.0833333333333333,88.9409722222222,13.1993927057668,0.00022930109353324,0.001364961239208,0.000472138453612183,"Creb1/Egr1",2
"GO:0033145","positive regulation of intracellular steroid hormone receptor signaling pathway","2/24","24/25615",0.0833333333333333,88.9409722222222,13.1993927057668,0.00022930109353324,0.001364961239208,0.000472138453612183,"Ntrk2/Bdnf",2
"GO:0038203","TORC2 signaling","2/24","24/25615",0.0833333333333333,88.9409722222222,13.1993927057668,0.00022930109353324,0.001364961239208,0.000472138453612183,"Pik3ca/Akt1",2
"GO:0010906","regulation of glucose metabolic process","3/24","129/25615",0.0232558139534884,24.8207364341085,8.30615238953743,0.000233744980025687,0.00137745369500087,0.000476459579070138,"Akt1/Akt2/Creb1",3
"GO:0046889","positive regulation of lipid biosynthetic process","3/24","129/25615",0.0232558139534884,24.8207364341085,8.30615238953743,0.000233744980025687,0.00137745369500087,0.000476459579070138,"Akt1/Mapk1/Creb1",3
"GO:1901890","positive regulation of cell junction assembly","3/24","129/25615",0.0232558139534884,24.8207364341085,8.30615238953743,0.000233744980025687,0.00137745369500087,0.000476459579070138,"Pik3r1/Bdnf/Dlg4",3
"GO:0033555","multicellular organismal response to stress","3/24","131/25615",0.0229007633587786,24.4417938931298,8.23746131102887,0.000244573644390454,0.00143646253805327,0.000496870667024817,"Akt1/Grin2b/Bdnf",3
"GO:0010759","positive regulation of macrophage chemotaxis","2/24","25/25615",0.08,85.3833333333333,12.9268358332179,0.000249097731099379,0.0014437835598589,0.000499402999676387,"Mapk3/Mapk1",2
"GO:0045542","positive regulation of cholesterol biosynthetic process","2/24","25/25615",0.08,85.3833333333333,12.9268358332179,0.000249097731099379,0.0014437835598589,0.000499402999676387,"Akt1/Mapk1",2
"GO:0051412","response to corticosterone","2/24","25/25615",0.08,85.3833333333333,12.9268358332179,0.000249097731099379,0.0014437835598589,0.000499402999676387,"Fos/Npas4",2
"GO:0106120","positive regulation of sterol biosynthetic process","2/24","25/25615",0.08,85.3833333333333,12.9268358332179,0.000249097731099379,0.0014437835598589,0.000499402999676387,"Akt1/Mapk1",2
"GO:0016079","synaptic vesicle exocytosis","3/24","133/25615",0.0225563909774436,24.0742481203008,8.17028710903107,0.000255722287986564,0.00147249239030172,0.000509333349653322,"Syp/Syn1/Camk2a",3
"GO:0043255","regulation of carbohydrate biosynthetic process","3/24","133/25615",0.0225563909774436,24.0742481203008,8.17028710903107,0.000255722287986564,0.00147249239030172,0.000509333349653322,"Akt1/Akt2/Creb1",3
"GO:0006986","response to unfolded protein","3/24","134/25615",0.0223880597014925,23.8945895522388,8.13725118663501,0.00026141788524336,0.00150038538696677,0.000518981503706172,"Akt1/Pik3r1/Akt2",3
"GO:0140354","lipid import into cell","2/24","26/25615",0.0769230769230769,82.099358974359,12.6700442995402,0.000269701500039518,0.00154290273723906,0.000533688204111007,"Akt1/Akt2",2
"GO:0090596","sensory organ morphogenesis","4/24","343/25615",0.0116618075801749,12.4465500485909,6.53585727932083,0.000271613612162614,0.00154881289524442,0.000535732520668212,"Mapk3/Mapk1/Ntrk2/Bdnf",4
"GO:0060716","labyrinthine layer blood vessel development","2/24","27/25615",0.0740740740740741,79.0586419753086,12.4275465190845,0.00029111099720284,0.00164413244405964,0.000568703438144772,"Akt1/Mapk1",2
"GO:0070875","positive regulation of glycogen metabolic process","2/24","27/25615",0.0740740740740741,79.0586419753086,12.4275465190845,0.00029111099720284,0.00164413244405964,0.000568703438144772,"Akt1/Akt2",2
"GO:0030316","osteoclast differentiation","3/24","139/25615",0.0215827338129496,23.035071942446,7.97731879270299,0.000291129013931106,0.00164413244405964,0.000568703438144772,"Fos/Pik3r1/Creb1",3
"GO:0051588","regulation of neurotransmitter transport","3/24","140/25615",0.0214285714285714,22.8705357142857,7.94633806769361,0.000297321413397496,0.00167373907478079,0.000578944336159914,"Ntrk2/Syn1/Camk2a",3
"GO:0070588","calcium ion transmembrane transport","4/24","356/25615",0.0112359550561798,11.9920411985019,6.39581605778768,0.000312837949332314,0.00175547919338706,0.00060721814503322,"Grin1/Akt1/Grin2b/Grin2a",4
"GO:0021987","cerebral cortex development","3/24","145/25615",0.0206896551724138,22.0818965517241,7.79614488642573,0.000329561899008981,0.00183762046219565,0.000635630711279813,"Fos/Grin1/Ntrk2",3
"GO:0038127","ERBB signaling pathway","3/24","145/25615",0.0206896551724138,22.0818965517241,7.79614488642573,0.000329561899008981,0.00183762046219565,0.000635630711279813,"Akt1/Mapk3/Mapk1",3
"GO:0046683","response to organophosphorus","3/24","146/25615",0.0205479452054795,21.9306506849315,7.76701074521118,0.000336269179119399,0.00184621137173125,0.000638602296572312,"Fos/Jun/Pik3r1",3
"GO:0097062","dendritic spine maintenance","2/24","29/25615",0.0689655172413793,73.6063218390805,11.9804445281823,0.000336341572262049,0.00184621137173125,0.000638602296572312,"Grin1/Grin2b",2
"GO:0098974","postsynaptic actin cytoskeleton organization","2/24","29/25615",0.0689655172413793,73.6063218390805,11.9804445281823,0.000336341572262049,0.00184621137173125,0.000638602296572312,"Actb/Camk2b",2
"GO:0099550","trans-synaptic signaling, modulating synaptic transmission","2/24","29/25615",0.0689655172413793,73.6063218390805,11.9804445281823,0.000336341572262049,0.00184621137173125,0.000638602296572312,"Ntrk2/Bdnf",2
"GO:0099637","neurotransmitter receptor transport","2/24","29/25615",0.0689655172413793,73.6063218390805,11.9804445281823,0.000336341572262049,0.00184621137173125,0.000638602296572312,"Grin2a/Camk2a",2
"GO:0071675","regulation of mononuclear cell migration","3/24","148/25615",0.0202702702702703,21.6342905405405,7.70960628303646,0.000349946880059138,0.00191492671634845,0.000662370851762802,"Akt1/Mapk3/Mapk1",3
"GO:0046822","regulation of nucleocytoplasmic transport","3/24","149/25615",0.0201342281879195,21.4890939597315,7.6813263311118,0.000356918283965555,0.00194702791438795,0.000673474617617912,"Akt1/Mapk1/Pik3r1",3
"GO:0032891","negative regulation of organic acid transport","2/24","30/25615",0.0666666666666667,71.1527777777778,11.7737140500635,0.000360159852517165,0.00195864709918285,0.000677493679686285,"Akt1/Akt2",2
"GO:0032368","regulation of lipid transport","3/24","151/25615",0.0198675496688742,21.2044701986755,7.62558774553635,0.000371128645789806,0.00201208822732812,0.000695978901740235,"Akt1/Mapk3/Akt2",3
"GO:0043276","anoikis","2/24","31/25615",0.0645161290322581,68.8575268817204,11.5769816833996,0.000384778265710301,0.00206565843545472,0.000714508772404732,"Pik3ca/Ntrk2",2
"GO:1905523","positive regulation of macrophage migration","2/24","31/25615",0.0645161290322581,68.8575268817204,11.5769816833996,0.000384778265710301,0.00206565843545472,0.000714508772404732,"Mapk3/Mapk1",2
"GO:0045333","cellular respiration","4/24","376/25615",0.0106382978723404,11.3541666666667,6.1940355989569,0.000384790165606907,0.00206565843545472,0.000714508772404732,"Pik3ca/Akt1/Gapdh/Bdnf",4
"GO:0035270","endocrine system development","3/24","153/25615",0.0196078431372549,20.9272875816993,7.57091450542632,0.000385698992772192,0.00206565843545472,0.000714508772404732,"Mapk3/Mapk1/Creb1",3
"GO:0051592","response to calcium ion","3/24","154/25615",0.0194805194805195,20.7913961038961,7.54396661560673,0.000393120372876776,0.00209902453639054,0.000726050066652801,"Fos/Akt1/Jun",3
"GO:0035966","response to topologically incorrect protein","3/24","155/25615",0.0193548387096774,20.6572580645161,7.51727232753899,0.000400633201092513,0.0021326758317976,0.000737690009326013,"Akt1/Pik3r1/Akt2",3
"GO:0007517","muscle organ development","4/24","381/25615",0.010498687664042,11.2051618547682,6.14596426219894,0.000404486706326819,0.00214670354381884,0.000742542178069842,"Fos/Bdnf/Creb1/Egr1",4
"GO:0046697","decidualization","2/24","32/25615",0.0625,66.7057291666667,11.3894614246996,0.000410195417340658,0.00216396504597078,0.000748512910936782,"Mapk3/Mapk1",2
"GO:0140467","integrated stress response signaling","2/24","32/25615",0.0625,66.7057291666667,11.3894614246996,0.000410195417340658,0.00216396504597078,0.000748512910936782,"Akt1/Akt2",2
"GO:0043467","regulation of generation of precursor metabolites and energy","3/24","157/25615",0.0191082802547771,20.3941082802548,7.46462845833419,0.000415935124606323,0.00218769459569057,0.000756720933690686,"Pik3ca/Akt1/Akt2",3
"GO:0032388","positive regulation of intracellular transport","3/24","158/25615",0.0189873417721519,20.2650316455696,7.43867105081342,0.000423725177804443,0.00222203500979592,0.000768599241694149,"Akt1/Mapk1/Pik3r1",3
"GO:0050921","positive regulation of chemotaxis","3/24","159/25615",0.0188679245283019,20.1375786163522,7.41295158723055,0.000431608594918391,0.00225665977521129,0.000780575906474305,"Mapk3/Mapk1/Akt2",3
"GO:0036120","cellular response to platelet-derived growth factor stimulus","2/24","33/25615",0.0606060606060606,64.6843434343434,11.2104512235385,0.000436409914632022,0.00226163020465183,0.000782295172049352,"Akt1/Creb1",2
"GO:0048266","behavioral response to pain","2/24","33/25615",0.0606060606060606,64.6843434343434,11.2104512235385,0.000436409914632022,0.00226163020465183,0.000782295172049352,"Akt1/Grin2b",2
"GO:0090314","positive regulation of protein targeting to membrane","2/24","33/25615",0.0606060606060606,64.6843434343434,11.2104512235385,0.000436409914632022,0.00226163020465183,0.000782295172049352,"Grin2a/Akt2",2
"GO:0071456","cellular response to hypoxia","3/24","161/25615",0.0186335403726708,19.8874223602484,7.36221176580177,0.000447657421455979,0.00231311547391623,0.000800103864864985,"Fos/Akt1/Jun",3
"GO:0008202","steroid metabolic process","4/24","392/25615",0.0102040816326531,10.890731292517,6.04329454480275,0.000450349993338901,0.00232022423468756,0.000802562776679667,"Akt1/Mapk1/Creb1/Egr1",4
"GO:0010758","regulation of macrophage chemotaxis","2/24","34/25615",0.0588235294117647,62.781862745098,11.0393217910572,0.000463420366530964,0.00236680198790597,0.000818673965587881,"Mapk3/Mapk1",2
"GO:0070498","interleukin-1-mediated signaling pathway","2/24","34/25615",0.0588235294117647,62.781862745098,11.0393217910572,0.000463420366530964,0.00236680198790597,0.000818673965587881,"Mapk3/Egr1",2
"GO:0090205","positive regulation of cholesterol metabolic process","2/24","34/25615",0.0588235294117647,62.781862745098,11.0393217910572,0.000463420366530964,0.00236680198790597,0.000818673965587881,"Akt1/Mapk1",2
"GO:0030878","thyroid gland development","2/24","35/25615",0.0571428571428571,60.9880952380952,10.8755071797431,0.000491225383705041,0.00246592343614895,0.000852959955511227,"Mapk3/Mapk1",2
"GO:0045540","regulation of cholesterol biosynthetic process","2/24","35/25615",0.0571428571428571,60.9880952380952,10.8755071797431,0.000491225383705041,0.00246592343614895,0.000852959955511227,"Akt1/Mapk1",2
"GO:0051291","protein heterooligomerization","2/24","35/25615",0.0571428571428571,60.9880952380952,10.8755071797431,0.000491225383705041,0.00246592343614895,0.000852959955511227,"Grin1/Grin2b",2
"GO:0099188","postsynaptic cytoskeleton organization","2/24","35/25615",0.0571428571428571,60.9880952380952,10.8755071797431,0.000491225383705041,0.00246592343614895,0.000852959955511227,"Actb/Camk2b",2
"GO:0106118","regulation of sterol biosynthetic process","2/24","35/25615",0.0571428571428571,60.9880952380952,10.8755071797431,0.000491225383705041,0.00246592343614895,0.000852959955511227,"Akt1/Mapk1",2
"GO:0120255","olefinic compound biosynthetic process","2/24","35/25615",0.0571428571428571,60.9880952380952,10.8755071797431,0.000491225383705041,0.00246592343614895,0.000852959955511227,"Creb1/Egr1",2
"GO:0032535","regulation of cellular component size","4/24","402/25615",0.0099502487562189,10.6198175787728,5.95344432034708,0.000495172750881803,0.00247867723594812,0.000857371479547141,"Pik3ca/Akt1/Bdnf/Creb1",4
"GO:0022898","regulation of transmembrane transporter activity","3/24","169/25615",0.0177514792899408,18.9460059171598,7.16806760260917,0.000515681706281328,0.0025740259673306,0.000890352491238673,"Grin2a/Arc/Dlg4",3
"GO:0036119","response to platelet-derived growth factor","2/24","36/25615",0.0555555555555556,59.2939814814815,10.7184968124099,0.000519823578540995,0.00258737046720123,0.000894968337720001,"Akt1/Creb1",2
"GO:0060416","response to growth hormone","2/24","37/25615",0.0540540540540541,57.6914414414414,10.5678287040415,0.000549213565142963,0.00272595577966733,0.000942904830890365,"Akt1/Pik3r1",2
"GO:0050770","regulation of axonogenesis","3/24","175/25615",0.0171428571428571,18.2964285714286,7.03100818648725,0.000570824549825438,0.00282526083368658,0.00097725432983125,"Grin1/Ntrk2/Bdnf",3
"GO:0001975","response to amphetamine","2/24","38/25615",0.0526315789473684,56.1732456140351,10.4230836710954,0.000579393959330671,0.00284371074189594,0.000983636130926428,"Grin1/Grin2a",2
"GO:0005979","regulation of glycogen biosynthetic process","2/24","38/25615",0.0526315789473684,56.1732456140351,10.4230836710954,0.000579393959330671,0.00284371074189594,0.000983636130926428,"Akt1/Akt2",2
"GO:0010962","regulation of glucan biosynthetic process","2/24","38/25615",0.0526315789473684,56.1732456140351,10.4230836710954,0.000579393959330671,0.00284371074189594,0.000983636130926428,"Akt1/Akt2",2
"GO:0072594","establishment of protein localization to organelle","4/24","420/25615",0.00952380952380952,10.1646825396825,5.7994336575226,0.000583758652790145,0.0028571742950451,0.000988293157793842,"Akt1/Mapk1/Pik3r1/Grin2a",4
"GO:0008277","regulation of G protein-coupled receptor signaling pathway","3/24","178/25615",0.0168539325842697,17.9880617977528,6.96500741906491,0.000599756838182174,0.00291925842231213,0.0010097679828656,"Syp/Camk2b/Camk2a",3
"GO:0099072","regulation of postsynaptic membrane neurotransmitter receptor levels","3/24","178/25615",0.0168539325842697,17.9880617977528,6.96500741906491,0.000599756838182174,0.00291925842231213,0.0010097679828656,"Arc/Dlg4/Camk2a",3
"GO:0032872","regulation of stress-activated MAPK cascade","2/24","39/25615",0.0512820512820513,54.732905982906,10.2838803626237,0.000610363378637651,0.00295456118999874,0.00102197916781724,"Mapk3/Mapk1",2
"GO:2000191","regulation of fatty acid transport","2/24","39/25615",0.0512820512820513,54.732905982906,10.2838803626237,0.000610363378637651,0.00295456118999874,0.00102197916781724,"Akt1/Akt2",2
"GO:0071478","cellular response to radiation","3/24","181/25615",0.0165745856353591,17.6899171270718,6.90059960890767,0.000629612642070979,0.0030393903433673,0.00105132147010554,"Pik3r1/Akt2/Egr1",3
"GO:0010959","regulation of metal ion transport","4/24","430/25615",0.00930232558139535,9.92829457364341,5.71784602146579,0.000637580554471062,0.00306944518300003,0.001061717403045,"Grin1/Akt1/Akt2/Camk2a",4
"GO:0060674","placenta blood vessel development","2/24","40/25615",0.05,53.3645833333333,10.1498709788255,0.000642120442309446,0.00307450059605773,0.00106346606435117,"Akt1/Mapk1",2
"GO:0150077","regulation of neuroinflammatory response","2/24","40/25615",0.05,53.3645833333333,10.1498709788255,0.000642120442309446,0.00307450059605773,0.00106346606435117,"Mapk3/Mapk1",2
"GO:1900180","regulation of protein localization to nucleus","3/24","183/25615",0.0163934426229508,17.4965846994536,6.8585139080109,0.000650035539307258,0.00310396374054035,0.0010736573306487,"Akt1/Mapk1/Pik3r1",3
"GO:0033157","regulation of intracellular protein transport","3/24","184/25615",0.016304347826087,17.4014945652174,6.83771998786847,0.00066040402916858,0.00313647412235859,0.00108490263268154,"Akt1/Mapk1/Pik3r1",3
"GO:1905952","regulation of lipid localization","3/24","184/25615",0.016304347826087,17.4014945652174,6.83771998786847,0.00066040402916858,0.00313647412235859,0.00108490263268154,"Akt1/Mapk3/Akt2",3
"GO:0070302","regulation of stress-activated protein kinase signaling cascade","2/24","41/25615",0.048780487804878,52.0630081300813,10.0207375673802,0.000674663771301815,0.00317849616319197,0.00109943800614622,"Mapk3/Mapk1",2
"GO:0071604","transforming growth factor beta production","2/24","41/25615",0.048780487804878,52.0630081300813,10.0207375673802,0.000674663771301815,0.00317849616319197,0.00109943800614622,"Jun/Creb1",2
"GO:0090313","regulation of protein targeting to membrane","2/24","41/25615",0.048780487804878,52.0630081300813,10.0207375673802,0.000674663771301815,0.00317849616319197,0.00109943800614622,"Grin2a/Akt2",2
"GO:0045672","positive regulation of osteoclast differentiation","2/24","42/25615",0.0476190476190476,50.8234126984127,9.89618880761006,0.000707991988278955,0.00331777096634978,0.00114761299331891,"Fos/Creb1",2
"GO:1903533","regulation of protein targeting","2/24","42/25615",0.0476190476190476,50.8234126984127,9.89618880761006,0.000707991988278955,0.00331777096634978,0.00114761299331891,"Grin2a/Akt2",2
"GO:2001233","regulation of apoptotic signaling pathway","4/24","444/25615",0.00900900900900901,9.61524024024024,5.60801721012894,0.000718748638426108,0.00335924429948754,0.00116195856945055,"Akt1/Jun/Bdnf/Camk2b",4
"GO:0036294","cellular response to decreased oxygen levels","3/24","191/25615",0.0157068062827225,16.7637434554974,6.6966067631894,0.000735955958742095,0.00343056719392479,0.00118662907299268,"Fos/Akt1/Jun",3
"GO:1902932","positive regulation of alcohol biosynthetic process","2/24","43/25615",0.0465116279069767,49.641472868217,9.7759572083018,0.000742103717611702,0.00345009696683857,0.00119338439799243,"Akt1/Mapk1",2
"GO:0097553","calcium ion transmembrane import into cytosol","3/24","194/25615",0.0154639175257732,16.5045103092783,6.63839818625752,0.000769951730676842,0.00356528579539606,0.00123322807547304,"Grin1/Grin2b/Grin2a",3
"GO:0044772","mitotic cell cycle phase transition","4/24","453/25615",0.00883002207505519,9.42420897718911,5.53995642529495,0.000774652526367951,0.00356528579539606,0.00123322807547304,"Akt1/Actb/Camk2b/Camk2a",4
"GO:0045022","early endosome to late endosome transport","2/24","44/25615",0.0454545454545455,48.5132575757576,9.65979665773398,0.000776997585375759,0.00356528579539606,0.00123322807547304,"Mapk3/Mapk1",2
"GO:0046320","regulation of fatty acid oxidation","2/24","44/25615",0.0454545454545455,48.5132575757576,9.65979665773398,0.000776997585375759,0.00356528579539606,0.00123322807547304,"Akt1/Akt2",2
"GO:0051385","response to mineralocorticoid","2/24","44/25615",0.0454545454545455,48.5132575757576,9.65979665773398,0.000776997585375759,0.00356528579539606,0.00123322807547304,"Fos/Npas4",2
"GO:0031929","TOR signaling","3/24","196/25615",0.0153061224489796,16.3360969387755,6.60031017400548,0.000793162998116285,0.00363000831865168,0.00125561551854909,"Pik3ca/Akt1/Mapk3",3
"GO:0006606","protein import into nucleus","3/24","197/25615",0.0152284263959391,16.2531725888325,6.58147604261003,0.000804934139183301,0.00367161141152443,0.00127000597841726,"Akt1/Mapk1/Pik3r1",3
"GO:0010043","response to zinc ion","2/24","45/25615",0.0444444444444444,47.4351851851852,9.54748027475431,0.000812672219349902,0.00367161141152443,0.00127000597841726,"Grin2a/Creb1",2
"GO:0010765","positive regulation of sodium ion transport","2/24","45/25615",0.0444444444444444,47.4351851851852,9.54748027475431,0.000812672219349902,0.00367161141152443,0.00127000597841726,"Akt1/Akt2",2
"GO:0046326","positive regulation of D-glucose import across plasma membrane","2/24","45/25615",0.0444444444444444,47.4351851851852,9.54748027475431,0.000812672219349902,0.00367161141152443,0.00127000597841726,"Akt1/Akt2",2
"GO:0070873","regulation of glycogen metabolic process","2/24","45/25615",0.0444444444444444,47.4351851851852,9.54748027475431,0.000812672219349902,0.00367161141152443,0.00127000597841726,"Akt1/Akt2",2
"GO:0001890","placenta development","3/24","198/25615",0.0151515151515152,16.1710858585859,6.56277948591325,0.000816816185003195,0.00368089544239291,0.00127321731354651,"Akt1/Mapk3/Mapk1",3
"GO:0001508","action potential","3/24","199/25615",0.0150753768844221,16.089824120603,6.54421878611681,0.000828809558845287,0.0037254143946056,0.00128861636565903,"Ntrk2/Grin2b/Grin2a",3
"GO:0006865","amino acid transport","3/24","200/25615",0.015,16.009375,6.52579225542463,0.000840914682684157,0.00377020781396815,0.00130411035562911,"Ntrk2/Grin2b/Bdnf",3
"GO:0038179","neurotrophin signaling pathway","2/24","46/25615",0.0434782608695652,46.4039855072464,9.43879851813896,0.000849126249014205,0.00379736155015997,0.00131350280037196,"Ntrk2/Bdnf",2
"GO:0051170","import into nucleus","3/24","202/25615",0.0148514851485149,15.8508663366337,6.48933509617016,0.000865461861789804,0.00385086818301423,0.00133201068042609,"Akt1/Mapk1/Pik3r1",3
"GO:0071229","cellular response to acid chemical","3/24","202/25615",0.0148514851485149,15.8508663366337,6.48933509617016,0.000865461861789804,0.00385086818301423,0.00133201068042609,"Pik3ca/Ntrk2/Grin2a",3
"GO:0050767","regulation of neurogenesis","4/24","469/25615",0.00852878464818763,9.10270078180526,5.42353518883107,0.00088155645233396,0.00390440833594007,0.00135053015503274,"Ntrk2/Bdnf/Camk2b/Dlg4",4
"GO:0010893","positive regulation of steroid biosynthetic process","2/24","47/25615",0.0425531914893617,45.4166666666667,9.3335575183265,0.000886358305548256,0.00390440833594007,0.00135053015503274,"Akt1/Mapk1",2
"GO:0032885","regulation of polysaccharide biosynthetic process","2/24","47/25615",0.0425531914893617,45.4166666666667,9.3335575183265,0.000886358305548256,0.00390440833594007,0.00135053015503274,"Akt1/Akt2",2
"GO:1905521","regulation of macrophage migration","2/24","47/25615",0.0425531914893617,45.4166666666667,9.3335575183265,0.000886358305548256,0.00390440833594007,0.00135053015503274,"Mapk3/Mapk1",2
"GO:0032228","regulation of synaptic transmission, GABAergic","2/24","48/25615",0.0416666666666667,44.4704861111111,9.23157760125884,0.000924367021829381,0.00406168252484631,0.00140493110812236,"Npas4/Bdnf",2
"GO:0030162","regulation of proteolysis","3/24","207/25615",0.0144927536231884,15.4679951690821,6.4004274992002,0.000928814724434304,0.00407107349366479,0.0014081794329601,"Akt1/Gapdh/Pik3r1",3
"GO:0006935","chemotaxis","4/24","476/25615",0.00840336134453781,8.968837535014,5.37434008846214,0.0009314602611887,0.0040725384124429,0.00140868614660639,"Mapk3/Mapk1/Akt2/Creb1",4
"GO:0042330","taxis","4/24","478/25615",0.00836820083682008,8.9313110181311,5.3604703898198,0.000946078157966245,0.00412621216419932,0.00142725183288811,"Mapk3/Mapk1/Akt2/Creb1",4
"GO:0001654","eye development","4/24","479/25615",0.00835073068893528,8.91266527487822,5.35356601443411,0.000953447675191681,0.00414442595636445,0.00143355196172712,"Fos/Jun/Ntrk2/Bdnf",4
"GO:0071453","cellular response to oxygen levels","3/24","209/25615",0.0143540669856459,15.319976076555,6.36572662003548,0.000954958534780912,0.00414442595636445,0.00143355196172712,"Fos/Akt1/Jun",3
"GO:0048246","macrophage chemotaxis","2/24","49/25615",0.0408163265306122,43.562925170068,9.13269197871814,0.000963151032430866,0.00415949048809605,0.00143876276516376,"Mapk3/Mapk1",2
"GO:1903573","negative regulation of response to endoplasmic reticulum stress","2/24","49/25615",0.0408163265306122,43.562925170068,9.13269197871814,0.000963151032430866,0.00415949048809605,0.00143876276516376,"Akt1/Akt2",2
"GO:0030900","forebrain development","4/24","481/25615",0.00831600831600832,8.87560637560637,5.33981768967565,0.000968308472250466,0.00417153918852157,0.001442930396173,"Fos/Grin1/Ntrk2/Creb1",4
"GO:0150063","visual system development","4/24","482/25615",0.00829875518672199,8.85719225449516,5.33297353382212,0.00097580000212785,0.00419356000914456,0.00145054737158415,"Fos/Jun/Ntrk2/Bdnf",4
"GO:0071364","cellular response to epidermal growth factor stimulus","2/24","50/25615",0.04,42.6916666666667,9.03674558340943,0.00100270897362018,0.00428828449397758,0.00148331245714381,"Fos/Akt1",2
"GO:0098927","vesicle-mediated transport between endosomal compartments","2/24","50/25615",0.04,42.6916666666667,9.03674558340943,0.00100270897362018,0.00428828449397758,0.00148331245714381,"Mapk3/Mapk1",2
"GO:0008361","regulation of cell size","3/24","213/25615",0.0140845070422535,15.0322769953052,6.29773946296444,0.0010086401976755,0.00430320587967126,0.00148847374653782,"Akt1/Bdnf/Creb1",3
"GO:0048880","sensory system development","4/24","489/25615",0.0081799591002045,8.73040218132243,5.28561511783486,0.00102939350404604,0.00438113853654376,0.00151543055896937,"Fos/Jun/Ntrk2/Bdnf",4
"GO:0045663","positive regulation of myoblast differentiation","2/24","51/25615",0.0392156862745098,41.8545751633987,8.94359403025273,0.00104303948335722,0.0044178739655659,0.00152813729975665,"Actb/Pik3r1",2
"GO:0045948","positive regulation of translational initiation","2/24","51/25615",0.0392156862745098,41.8545751633987,8.94359403025273,0.00104303948335722,0.0044178739655659,0.00152813729975665,"Akt1/Akt2",2
"GO:0022408","negative regulation of cell-cell adhesion","3/24","217/25615",0.0138248847926267,14.7551843317972,6.2315662602869,0.00106420220175008,0.00448417088421918,0.00155106932431024,"Akt1/Mapk3/Pik3r1",3
"GO:0006109","regulation of carbohydrate metabolic process","3/24","218/25615",0.0137614678899083,14.6875,6.21529668756813,0.00107838952009569,0.00448417088421918,0.00155106932431024,"Akt1/Akt2/Creb1",3
"GO:0120254","olefinic compound metabolic process","3/24","218/25615",0.0137614678899083,14.6875,6.21529668756813,0.00107838952009569,0.00448417088421918,0.00155106932431024,"Grin1/Creb1/Egr1",3
"GO:0005978","glycogen biosynthetic process","2/24","52/25615",0.0384615384615385,41.0496794871795,8.85310268803489,0.00108414120129249,0.00448417088421918,0.00155106932431024,"Akt1/Akt2",2
"GO:0006984","ER-nucleus signaling pathway","2/24","52/25615",0.0384615384615385,41.0496794871795,8.85310268803489,0.00108414120129249,0.00448417088421918,0.00155106932431024,"Akt1/Akt2",2
"GO:0009250","glucan biosynthetic process","2/24","52/25615",0.0384615384615385,41.0496794871795,8.85310268803489,0.00108414120129249,0.00448417088421918,0.00155106932431024,"Akt1/Akt2",2
"GO:0016202","regulation of striated muscle tissue development","2/24","52/25615",0.0384615384615385,41.0496794871795,8.85310268803489,0.00108414120129249,0.00448417088421918,0.00155106932431024,"Bdnf/Creb1",2
"GO:0045429","positive regulation of nitric oxide biosynthetic process","2/24","52/25615",0.0384615384615385,41.0496794871795,8.85310268803489,0.00108414120129249,0.00448417088421918,0.00155106932431024,"Akt1/Akt2",2
"GO:0046854","phosphatidylinositol phosphate biosynthetic process","2/24","52/25615",0.0384615384615385,41.0496794871795,8.85310268803489,0.00108414120129249,0.00448417088421918,0.00155106932431024,"Pik3ca/Pik3r1",2
"GO:0051403","stress-activated MAPK cascade","2/24","52/25615",0.0384615384615385,41.0496794871795,8.85310268803489,0.00108414120129249,0.00448417088421918,0.00155106932431024,"Mapk3/Mapk1",2
"GO:0001764","neuron migration","3/24","219/25615",0.0136986301369863,14.6204337899543,6.19913412195875,0.00109269636282095,0.00450897187655856,0.00155964795777968,"Ntrk2/Camk2b/Camk2a",3
"GO:0021543","pallium development","3/24","220/25615",0.0136363636363636,14.5539772727273,6.18307735593218,0.00110712312645722,0.00455782931966735,0.00157654768868355,"Fos/Grin1/Ntrk2",3
"GO:0000302","response to reactive oxygen species","3/24","221/25615",0.0135746606334842,14.4881221719457,6.16712520103909,0.00112167020628611,0.00460695315495599,0.00159353956432255,"Fos/Akt1/Jun",3
"GO:0050920","regulation of chemotaxis","3/24","224/25615",0.0133928571428571,14.2940848214286,6.1198847967794,0.0011660372770419,0.00473371559620671,0.00163738654053628,"Mapk3/Mapk1/Akt2",3
"GO:0032881","regulation of polysaccharide metabolic process","2/24","54/25615",0.037037037037037,39.5293209876543,8.679605976451,0.00116865282880245,0.00473371559620671,0.00163738654053628,"Akt1/Akt2",2
"GO:0048265","response to pain","2/24","54/25615",0.037037037037037,39.5293209876543,8.679605976451,0.00116865282880245,0.00473371559620671,0.00163738654053628,"Akt1/Grin2b",2
"GO:0099633","protein localization to postsynaptic specialization membrane","2/24","54/25615",0.037037037037037,39.5293209876543,8.679605976451,0.00116865282880245,0.00473371559620671,0.00163738654053628,"Dlg4/Camk2a",2
"GO:0099645","neurotransmitter receptor localization to postsynaptic specialization membrane","2/24","54/25615",0.037037037037037,39.5293209876543,8.679605976451,0.00116865282880245,0.00473371559620671,0.00163738654053628,"Dlg4/Camk2a",2
"GO:1901861","regulation of muscle tissue development","2/24","54/25615",0.037037037037037,39.5293209876543,8.679605976451,0.00116865282880245,0.00473371559620671,0.00163738654053628,"Bdnf/Creb1",2
"GO:0007179","transforming growth factor beta receptor signaling pathway","3/24","225/25615",0.0133333333333333,14.2305555555556,6.10433957014791,0.00118106954953526,0.00477303795018609,0.00165098809555992,"Fos/Jun/Creb1",3
"GO:0035094","response to nicotine","2/24","55/25615",0.0363636363636364,38.8106060606061,8.59637304494924,0.00121206002611547,0.00487591270779784,0.00168657235068699,"Mapk1/Creb1",2
"GO:0045940","positive regulation of steroid metabolic process","2/24","55/25615",0.0363636363636364,38.8106060606061,8.59637304494924,0.00121206002611547,0.00487591270779784,0.00168657235068699,"Akt1/Mapk1",2
"GO:0071383","cellular response to steroid hormone stimulus","3/24","228/25615",0.0131578947368421,14.0433114035088,6.05829323082075,0.00122690156065415,0.00492437482886701,0.00170333534017205,"Npas4/Ntrk2/Bdnf",3
"GO:0071674","mononuclear cell migration","3/24","229/25615",0.0131004366812227,13.9819868995633,6.04313734686906,0.00124242525088227,0.00497534839103308,0.00172096703411682,"Akt1/Mapk3/Mapk1",3
"GO:0010828","positive regulation of D-glucose transmembrane transport","2/24","56/25615",0.0357142857142857,38.1175595238095,8.51534392323374,0.00125623300709985,0.00499657462417593,0.00172830916267272,"Akt1/Akt2",2
"GO:0048634","regulation of muscle organ development","2/24","56/25615",0.0357142857142857,38.1175595238095,8.51534392323374,0.00125623300709985,0.00499657462417593,0.00172830916267272,"Bdnf/Creb1",2
"GO:1900271","regulation of long-term synaptic potentiation","2/24","56/25615",0.0357142857142857,38.1175595238095,8.51534392323374,0.00125623300709985,0.00499657462417593,0.00172830916267272,"Creb1/Arc",2
"GO:0006874","intracellular calcium ion homeostasis","3/24","231/25615",0.012987012987013,13.8609307359307,6.01310870003473,0.00127384446773974,0.00505521160395817,0.00174859162356878,"Grin1/Ntrk2/Grin2b",3
"GO:0031646","positive regulation of nervous system process","2/24","57/25615",0.0350877192982456,37.4488304093567,8.43642183341568,0.00130117041983282,0.00515205006684364,0.00178208793159834,"Grin2b/Grin2a",2
"GO:0051897","positive regulation of phosphatidylinositol 3-kinase/protein kinase B signal transduction","3/24","233/25615",0.0128755364806867,13.7419527896996,5.9834508412607,0.00130576201299655,0.00515863826659176,0.00178436678198018,"Pik3ca/Akt1/Ntrk2",3
"GO:0014075","response to amine","2/24","58/25615",0.0344827586206897,36.8031609195402,8.35951585516525,0.00134687091407161,0.00528549343116745,0.00182824583108068,"Grin1/Grin2a",2
"GO:0042181","ketone biosynthetic process","2/24","58/25615",0.0344827586206897,36.8031609195402,8.35951585516525,0.00134687091407161,0.00528549343116745,0.00182824583108068,"Creb1/Egr1",2
"GO:0090181","regulation of cholesterol metabolic process","2/24","58/25615",0.0344827586206897,36.8031609195402,8.35951585516525,0.00134687091407161,0.00528549343116745,0.00182824583108068,"Akt1/Mapk1",2
"GO:0031098","stress-activated protein kinase signaling cascade","2/24","59/25615",0.0338983050847458,36.1793785310734,8.28454047736194,0.00139333314125179,0.00543153317452577,0.00187876080294547,"Mapk3/Mapk1",2
"GO:0043457","regulation of cellular respiration","2/24","59/25615",0.0338983050847458,36.1793785310734,8.28454047736194,0.00139333314125179,0.00543153317452577,0.00187876080294547,"Pik3ca/Akt1",2
"GO:2001222","regulation of neuron migration","2/24","59/25615",0.0338983050847458,36.1793785310734,8.28454047736194,0.00139333314125179,0.00543153317452577,0.00187876080294547,"Camk2b/Camk2a",2
"GO:0010976","positive regulation of neuron projection development","3/24","240/25615",0.0125,13.3411458333333,5.8824571834906,0.00142144145271615,0.00552887381829106,0.00191243081473835,"Ntrk2/Bdnf/Camk2b",3
"GO:0048538","thymus development","2/24","60/25615",0.0333333333333333,35.5763888888889,8.21141519099855,0.00144055575448539,0.00559087938194552,0.00193387846475085,"Mapk3/Mapk1",2
"GO:0002685","regulation of leukocyte migration","3/24","242/25615",0.012396694214876,13.2308884297521,5.85437412754956,0.00145563879832503,0.00562463939177347,0.00194555601161171,"Akt1/Mapk3/Mapk1",3
"GO:0033044","regulation of chromosome organization","3/24","242/25615",0.012396694214876,13.2308884297521,5.85437412754956,0.00145563879832503,0.00562463939177347,0.00194555601161171,"Mapk3/Mapk1/Actb",3
"GO:0001662","behavioral fear response","2/24","61/25615",0.0327868852459016,34.9931693989071,8.14006411892607,0.00148853740855928,0.00571416756836917,0.00197652370039175,"Grin2b/Bdnf",2
"GO:0002931","response to ischemia","2/24","61/25615",0.0327868852459016,34.9931693989071,8.14006411892607,0.00148853740855928,0.00571416756836917,0.00197652370039175,"Egr1/Camk2a",2
"GO:0071622","regulation of granulocyte chemotaxis","2/24","61/25615",0.0327868852459016,34.9931693989071,8.14006411892607,0.00148853740855928,0.00571416756836917,0.00197652370039175,"Mapk3/Mapk1",2
"GO:0006352","DNA-templated transcription initiation","3/24","245/25615",0.0122448979591837,13.0688775510204,5.81286697791484,0.00150790098478329,0.00577591638084381,0.00199788254047946,"Jun/Creb1/Egr1",3
"GO:0002209","behavioral defense response","2/24","62/25615",0.032258064516129,34.4287634408602,8.07041567856242,0.00153727675993328,0.00585028434341779,0.0020236063294336,"Grin2b/Bdnf",2
"GO:0043536","positive regulation of blood vessel endothelial cell migration","2/24","62/25615",0.032258064516129,34.4287634408602,8.07041567856242,0.00153727675993328,0.00585028434341779,0.0020236063294336,"Akt1/Akt2",2
"GO:0060711","labyrinthine layer development","2/24","62/25615",0.032258064516129,34.4287634408602,8.07041567856242,0.00153727675993328,0.00585028434341779,0.0020236063294336,"Akt1/Mapk1",2
"GO:0019722","calcium-mediated signaling","3/24","247/25615",0.0121457489878543,12.9630566801619,5.78559751017767,0.00154339082345992,0.005860893601156,0.00202727605894577,"Grin1/Grin2b/Grin2a",3
"GO:0060324","face development","2/24","63/25615",0.0317460317460317,33.8822751322751,8.0024022741514,0.00158677246673851,0.00601267330407151,0.00207977647592891,"Mapk3/Mapk1",2
"GO:0030324","lung development","3/24","254/25615",0.0118110236220472,12.6058070866142,5.69258748546718,0.00167173563784857,0.00632102616714416,0.00218643536099915,"Mapk3/Mapk1/Creb1",3
"GO:0046622","positive regulation of organ growth","2/24","65/25615",0.0307692307692308,32.8397435897436,7.87102846094864,0.00168802758751288,0.00635535172905492,0.00219830853164633,"Akt1/Mapk1",2
"GO:1902930","regulation of alcohol biosynthetic process","2/24","65/25615",0.0307692307692308,32.8397435897436,7.87102846094864,0.00168802758751288,0.00635535172905492,0.00219830853164633,"Akt1/Mapk1",2
"GO:0030323","respiratory tube development","3/24","257/25615",0.0116731517509728,12.4586575875486,5.65383981421341,0.00172872884227314,0.0064947126227831,0.00224651329744394,"Mapk3/Mapk1/Creb1",3
"GO:0031103","axon regeneration","2/24","66/25615",0.0303030303030303,32.3421717171717,7.80755038096147,0.00173978432608479,0.00650849253197748,0.00225127975148752,"Jun/Bdnf",2
"GO:1904262","negative regulation of TORC1 signaling","2/24","66/25615",0.0303030303030303,32.3421717171717,7.80755038096147,0.00173978432608479,0.00650849253197748,0.00225127975148752,"Akt1/Mapk3",2
"GO:0000271","polysaccharide biosynthetic process","2/24","67/25615",0.0298507462686567,31.8594527363184,7.7454715423309,0.00179229206928994,0.0066624865529301,0.00230454609842077,"Akt1/Akt2",2
"GO:0061001","regulation of dendritic spine morphogenesis","2/24","67/25615",0.0298507462686567,31.8594527363184,7.7454715423309,0.00179229206928994,0.0066624865529301,0.00230454609842077,"Camk2b/Arc",2
"GO:0070542","response to fatty acid","2/24","67/25615",0.0298507462686567,31.8594527363184,7.7454715423309,0.00179229206928994,0.0066624865529301,0.00230454609842077,"Pik3ca/Creb1",2
"GO:0001836","release of cytochrome c from mitochondria","2/24","68/25615",0.0294117647058824,31.390931372549,7.68474050904513,0.00184554948358949,0.00677762420758211,0.00234437207490892,"Akt1/Jun",2
"GO:0035924","cellular response to vascular endothelial growth factor stimulus","2/24","68/25615",0.0294117647058824,31.390931372549,7.68474050904513,0.00184554948358949,0.00677762420758211,0.00234437207490892,"Pik3ca/Akt1",2
"GO:0042596","fear response","2/24","68/25615",0.0294117647058824,31.390931372549,7.68474050904513,0.00184554948358949,0.00677762420758211,0.00234437207490892,"Grin2b/Bdnf",2
"GO:0043330","response to exogenous dsRNA","2/24","68/25615",0.0294117647058824,31.390931372549,7.68474050904513,0.00184554948358949,0.00677762420758211,0.00234437207490892,"Mapk3/Mapk1",2
"GO:0050775","positive regulation of dendrite morphogenesis","2/24","68/25615",0.0294117647058824,31.390931372549,7.68474050904513,0.00184554948358949,0.00677762420758211,0.00234437207490892,"Camk2b/Dlg4",2
"GO:0055074","calcium ion homeostasis","3/24","263/25615",0.0114068441064639,12.1744296577947,5.57824804886152,0.00184634484656039,0.00677762420758211,0.00234437207490892,"Grin1/Ntrk2/Grin2b",3
"GO:1905517","macrophage migration","2/24","69/25615",0.0289855072463768,30.9359903381642,7.62530845941237,0.0018995552371054,0.00695845390390794,0.00240692084972979,"Mapk3/Mapk1",2
"GO:0009636","response to toxic substance","3/24","266/25615",0.0112781954887218,12.0371240601504,5.54136837490374,0.00190698635275382,0.00697118247624944,0.00241132364761839,"Fos/Mapk3/Mapk1",3
"GO:0006695","cholesterol biosynthetic process","2/24","70/25615",0.0285714285714286,30.4940476190476,7.56712901754274,0.00195430799961862,0.00709998081510928,0.00245587483837044,"Akt1/Mapk1",2
"GO:0010770","positive regulation of cell morphogenesis","2/24","70/25615",0.0285714285714286,30.4940476190476,7.56712901754274,0.00195430799961862,0.00709998081510928,0.00245587483837044,"Camk2b/Dlg4",2
"GO:1902653","secondary alcohol biosynthetic process","2/24","70/25615",0.0285714285714286,30.4940476190476,7.56712901754274,0.00195430799961862,0.00709998081510928,0.00245587483837044,"Akt1/Mapk1",2
"GO:0045055","regulated exocytosis","3/24","271/25615",0.011070110701107,11.815036900369,5.48120147714803,0.00201080370341725,0.0072901977889325,0.00252167066120552,"Syp/Syn1/Camk2a",3
"GO:0045600","positive regulation of fat cell differentiation","2/24","72/25615",0.0277777777777778,29.6469907407407,7.45435376190283,0.00206604923904555,0.00744453733987375,0.00257505652654693,"Akt1/Creb1",2
"GO:0046324","regulation of D-glucose import across plasma membrane","2/24","72/25615",0.0277777777777778,29.6469907407407,7.45435376190283,0.00206604923904555,0.00744453733987375,0.00257505652654693,"Akt1/Akt2",2
"GO:0048645","animal organ formation","2/24","72/25615",0.0277777777777778,29.6469907407407,7.45435376190283,0.00206604923904555,0.00744453733987375,0.00257505652654693,"Mapk3/Mapk1",2
"GO:0015909","long-chain fatty acid transport","2/24","73/25615",0.0273972602739726,29.2408675799087,7.3996760850151,0.0021230350638007,0.00761871238781431,0.00263530346648216,"Akt1/Akt2",2
"GO:0016126","sterol biosynthetic process","2/24","73/25615",0.0273972602739726,29.2408675799087,7.3996760850151,0.0021230350638007,0.00761871238781431,0.00263530346648216,"Akt1/Mapk1",2
"GO:0050885","neuromuscular process controlling balance","2/24","74/25615",0.027027027027027,28.8457207207207,7.34608703419831,0.00218076259323252,0.00779412513037669,0.00269597852350087,"Camk2b/Dlg4",2
"GO:0060425","lung morphogenesis","2/24","74/25615",0.027027027027027,28.8457207207207,7.34608703419831,0.00218076259323252,0.00779412513037669,0.00269597852350087,"Mapk3/Mapk1",2
"GO:0043583","ear development","3/24","281/25615",0.0106761565836299,11.3945729537367,5.36548053359333,0.00222889461575253,0.00795002492501205,0.00274990407526255,"Mapk3/Mapk1/Bdnf",3
"GO:0051924","regulation of calcium ion transport","3/24","284/25615",0.0105633802816901,11.2742077464789,5.3319005524622,0.00229707894981979,0.00814858519057541,0.00281858583269201,"Grin1/Akt1/Camk2a",3
"GO:0034142","toll-like receptor 4 signaling pathway","2/24","76/25615",0.0263157894736842,28.0866228070175,7.24203146126683,0.00229843747997502,0.00814858519057541,0.00281858583269201,"Akt1/Pik3r1",2
"GO:0043331","response to dsRNA","2/24","76/25615",0.0263157894736842,28.0866228070175,7.24203146126683,0.00229843747997502,0.00814858519057541,0.00281858583269201,"Mapk3/Mapk1",2
"GO:0071560","cellular response to transforming growth factor beta stimulus","3/24","285/25615",0.0105263157894737,11.234649122807,5.32081903345756,0.00232009285333463,0.0082088425854932,0.00283942879323768,"Fos/Jun/Creb1",3
"GO:0022604","regulation of cell morphogenesis","3/24","286/25615",0.0104895104895105,11.1953671328671,5.30979261151588,0.00234325018461211,0.00827416197452213,0.00286202269146802,"Camk2b/Arc/Dlg4",3
"GO:0031102","neuron projection regeneration","2/24","77/25615",0.025974025974026,27.7218614718615,7.19149734681981,0.00235838219832986,0.00831093886691444,0.00287474377438524,"Jun/Bdnf",2
"GO:0060541","respiratory system development","3/24","289/25615",0.0103806228373702,11.0791522491349,5.27703920326846,0.00241358591279552,0.00845712224434995,0.00292530842910486,"Mapk3/Mapk1/Creb1",3
"GO:0032206","positive regulation of telomere maintenance","2/24","78/25615",0.0256410256410256,27.366452991453,7.14191648481386,0.0024190633434463,0.00845712224434995,0.00292530842910486,"Mapk3/Mapk1",2
"GO:0050994","regulation of lipid catabolic process","2/24","78/25615",0.0256410256410256,27.366452991453,7.14191648481386,0.0024190633434463,0.00845712224434995,0.00292530842910486,"Akt1/Akt2",2
"GO:2000144","positive regulation of DNA-templated transcription initiation","2/24","78/25615",0.0256410256410256,27.366452991453,7.14191648481386,0.0024190633434463,0.00845712224434995,0.00292530842910486,"Jun/Creb1",2
"GO:0006635","fatty acid beta-oxidation","2/24","79/25615",0.0253164556962025,27.0200421940928,7.09325874788043,0.00248047959995843,0.00865466347549852,0.00299363770375389,"Akt1/Akt2",2
"GO:0071559","response to transforming growth factor beta","3/24","294/25615",0.0102040816326531,10.890731292517,5.2235088747883,0.00253371008091518,0.00882291929362163,0.00305183718920301,"Fos/Jun/Creb1",3
"GO:0051932","synaptic transmission, GABAergic","2/24","80/25615",0.025,26.6822916666667,7.04549532833367,0.00254262965414207,0.00883651568165349,0.00305654016349685,"Npas4/Bdnf",2
"GO:0045428","regulation of nitric oxide biosynthetic process","2/24","83/25615",0.0240963855421687,25.7178714859438,6.90730118379859,0.00273346949006926,0.00946262961222719,0.00327311222025183,"Akt1/Akt2",2
"GO:0009743","response to carbohydrate","3/24","302/25615",0.00993377483443709,10.6022350993377,5.14049205088382,0.00273352921261273,0.00946262961222719,0.00327311222025183,"Pik3ca/Akt1/Egr1",3
"GO:0002028","regulation of sodium ion transport","2/24","84/25615",0.0238095238095238,25.4117063492063,6.86285088033414,0.00279854163047054,0.0096686869664492,0.00334438721164591,"Akt1/Akt2",2
"GO:0140895","cell surface toll-like receptor signaling pathway","2/24","85/25615",0.0235294117647059,25.1127450980392,6.81916824473571,0.0028643410244875,0.00987665143864379,0.00341632187285665,"Akt1/Pik3r1",2
"GO:0040014","regulation of multicellular organism growth","2/24","86/25615",0.0232558139534884,24.8207364341085,6.77623100464122,0.00293086636820996,0.010066640430382,0.00348203883696227,"Pik3ca/Creb1",2
"GO:0080164","regulation of nitric oxide metabolic process","2/24","86/25615",0.0232558139534884,24.8207364341085,6.77623100464122,0.00293086636820996,0.010066640430382,0.00348203883696227,"Akt1/Akt2",2
"GO:0071222","cellular response to lipopolysaccharide","3/24","311/25615",0.00964630225080386,10.2954180064309,5.0507424634942,0.00296970629308902,0.0101801993938188,0.00352131874605477,"Akt1/Mapk3/Mapk1",3
"GO:0045661","regulation of myoblast differentiation","2/24","87/25615",0.0229885057471264,24.5354406130268,6.73401778440928,0.00299811635935741,0.010257633058617,0.00354810295772701,"Actb/Pik3r1",2
"GO:0014032","neural crest cell development","2/24","88/25615",0.0227272727272727,24.2566287878788,6.69250805918627,0.00306608969727728,0.0104294402444065,0.00360753085698749,"Mapk3/Mapk1",2
"GO:0043113","receptor clustering","2/24","88/25615",0.0227272727272727,24.2566287878788,6.69250805918627,0.00306608969727728,0.0104294402444065,0.00360753085698749,"Grin2b/Dlg4",2
"GO:2000142","regulation of DNA-templated transcription initiation","2/24","88/25615",0.0227272727272727,24.2566287878788,6.69250805918627,0.00306608969727728,0.0104294402444065,0.00360753085698749,"Jun/Creb1",2
"GO:0032007","negative regulation of TOR signaling","2/24","89/25615",0.0224719101123595,23.9840823970037,6.65168211181795,0.00313478508294325,0.0106220986848962,0.00367417118021081,"Akt1/Mapk3",2
"GO:0141156","cAMP/PKA signal transduction","2/24","89/25615",0.0224719101123595,23.9840823970037,6.65168211181795,0.00313478508294325,0.0106220986848962,0.00367417118021081,"Grin2b/Creb1",2
"GO:0071219","cellular response to molecule of bacterial origin","3/24","319/25615",0.00940438871473354,10.0372257053292,4.9739937958144,0.00318992432765448,0.0107881893768276,0.0037316217511101,"Akt1/Mapk3/Mapk1",3
"GO:0033143","regulation of intracellular steroid hormone receptor signaling pathway","2/24","90/25615",0.0222222222222222,23.7175925925926,6.61152099239966,0.00320420121895351,0.0108157136930959,0.00374114237905642,"Ntrk2/Bdnf",2
"GO:0009060","aerobic respiration","3/24","320/25615",0.009375,10.005859375,4.96459131933726,0.00321813982460932,0.0108213022346596,0.00374307544887263,"Akt1/Gapdh/Bdnf",3
"GO:0051222","positive regulation of protein transport","3/24","320/25615",0.009375,10.005859375,4.96459131933726,0.00321813982460932,0.0108213022346596,0.00374307544887263,"Akt1/Mapk1/Pik3r1",3
"GO:0035914","skeletal muscle cell differentiation","2/24","91/25615",0.021978021978022,23.4569597069597,6.57200648027622,0.00327433680952907,0.0109684058144301,0.00379395840047494,"Fos/Egr1",2
"GO:0071347","cellular response to interleukin-1","2/24","91/25615",0.021978021978022,23.4569597069597,6.57200648027622,0.00327433680952907,0.0109684058144301,0.00379395840047494,"Mapk3/Egr1",2
"GO:0051896","regulation of phosphatidylinositol 3-kinase/protein kinase B signal transduction","3/24","326/25615",0.00920245398773006,9.82170245398773,4.90903436460542,0.00339067411567474,0.0113365612747987,0.00392130293213957,"Pik3ca/Akt1/Ntrk2",3
"GO:0002752","cell surface pattern recognition receptor signaling pathway","2/24","93/25615",0.021505376344086,22.9525089605735,6.4948478293142,0.00341676117936399,0.011369795810306,0.00393279871806392,"Akt1/Pik3r1",2
"GO:0014855","striated muscle cell proliferation","2/24","93/25615",0.021505376344086,22.9525089605735,6.4948478293142,0.00341676117936399,0.011369795810306,0.00393279871806392,"Fos/Mapk1",2
"GO:0007162","negative regulation of cell adhesion","3/24","327/25615",0.0091743119266055,9.79166666666667,4.89991496908703,0.00341997263306595,0.011369795810306,0.00393279871806392,"Akt1/Mapk3/Pik3r1",3
"GO:0021537","telencephalon development","3/24","329/25615",0.00911854103343465,9.73214285714286,4.88179355095708,0.0034790373951466,0.0115341491088915,0.00398964832669105,"Fos/Grin1/Ntrk2",3
"GO:0048864","stem cell development","2/24","94/25615",0.0212765957446809,22.7083333333333,6.45717058433525,0.0034890473751641,0.0115341491088915,0.00398964832669105,"Mapk3/Mapk1",2
"GO:0060395","SMAD protein signal transduction","2/24","94/25615",0.0212765957446809,22.7083333333333,6.45717058433525,0.0034890473751641,0.0115341491088915,0.00398964832669105,"Fos/Jun",2
"GO:0005977","glycogen metabolic process","2/24","95/25615",0.0210526315789474,22.469298245614,6.42007367293147,0.00356204785860762,0.0117095677740049,0.00405032543231306,"Akt1/Akt2",2
"GO:0010827","regulation of D-glucose transmembrane transport","2/24","95/25615",0.0210526315789474,22.469298245614,6.42007367293147,0.00356204785860762,0.0117095677740049,0.00405032543231306,"Akt1/Akt2",2
"GO:0030641","regulation of cellular pH","2/24","95/25615",0.0210526315789474,22.469298245614,6.42007367293147,0.00356204785860762,0.0117095677740049,0.00405032543231306,"Mapk3/Mapk1",2
"GO:0003407","neural retina development","2/24","97/25615",0.0206185567010309,22.0060137457045,6.3475611144962,0.00371018653927557,0.0121062012633399,0.00418752048000108,"Fos/Ntrk2",2
"GO:0006809","nitric oxide biosynthetic process","2/24","97/25615",0.0206185567010309,22.0060137457045,6.3475611144962,0.00371018653927557,0.0121062012633399,0.00418752048000108,"Akt1/Akt2",2
"GO:0044042","glucan metabolic process","2/24","97/25615",0.0206185567010309,22.0060137457045,6.3475611144962,0.00371018653927557,0.0121062012633399,0.00418752048000108,"Akt1/Akt2",2
"GO:0048678","response to axon injury","2/24","97/25615",0.0206185567010309,22.0060137457045,6.3475611144962,0.00371018653927557,0.0121062012633399,0.00418752048000108,"Jun/Bdnf",2
"GO:0002429","immune response-activating cell surface receptor signaling pathway","3/24","339/25615",0.00884955752212389,9.44505899705015,4.79345945946452,0.00378378577880298,0.0123235315013879,0.00426269474837421,"Akt1/Mapk1/Pik3r1",3
"GO:0014033","neural crest cell differentiation","2/24","99/25615",0.0202020202020202,21.5614478114478,6.27719597158184,0.00386116693918503,0.0125062061522868,0.00432588169076651,"Mapk3/Mapk1",2
"GO:0042490","mechanoreceptor differentiation","2/24","99/25615",0.0202020202020202,21.5614478114478,6.27719597158184,0.00386116693918503,0.0125062061522868,0.00432588169076651,"Ntrk2/Bdnf",2
"GO:0048708","astrocyte differentiation","2/24","99/25615",0.0202020202020202,21.5614478114478,6.27719597158184,0.00386116693918503,0.0125062061522868,0.00432588169076651,"Mapk3/Mapk1",2
"GO:0006661","phosphatidylinositol biosynthetic process","2/24","100/25615",0.02,21.3458333333333,6.24278518814967,0.00393771957771499,0.0126842082192574,0.0043874523919888,"Pik3ca/Pik3r1",2
"GO:0010507","negative regulation of autophagy","2/24","100/25615",0.02,21.3458333333333,6.24278518814967,0.00393771957771499,0.0126842082192574,0.0043874523919888,"Akt1/Mapk3",2
"GO:0043535","regulation of blood vessel endothelial cell migration","2/24","100/25615",0.02,21.3458333333333,6.24278518814967,0.00393771957771499,0.0126842082192574,0.0043874523919888,"Akt1/Akt2",2
"GO:0042593","glucose homeostasis","3/24","345/25615",0.00869565217391304,9.28079710144928,4.74219889704937,0.00397425063320306,0.0127785211965398,0.00442007513758081,"Pik3ca/Akt1/Pik3r1",3
"GO:0001938","positive regulation of endothelial cell proliferation","2/24","101/25615",0.0198019801980198,21.1344884488449,6.20887199652626,0.00401497880190057,0.0128159287118638,0.00443301435221287,"Akt1/Jun",2
"GO:0002090","regulation of receptor internalization","2/24","101/25615",0.0198019801980198,21.1344884488449,6.20887199652626,0.00401497880190057,0.0128159287118638,0.00443301435221287,"Arc/Dlg4",2
"GO:0050772","positive regulation of axonogenesis","2/24","101/25615",0.0198019801980198,21.1344884488449,6.20887199652626,0.00401497880190057,0.0128159287118638,0.00443301435221287,"Ntrk2/Bdnf",2
"GO:0071677","positive regulation of mononuclear cell migration","2/24","101/25615",0.0198019801980198,21.1344884488449,6.20887199652626,0.00401497880190057,0.0128159287118638,0.00443301435221287,"Mapk3/Mapk1",2
"GO:0071216","cellular response to biotic stimulus","3/24","347/25615",0.00864553314121038,9.22730547550432,4.72538959918853,0.00403902067197805,0.0128693570054707,0.00445149513481544,"Akt1/Mapk3/Mapk1",3
"GO:0033500","carbohydrate homeostasis","3/24","350/25615",0.00857142857142857,9.14821428571429,4.70042911525488,0.00413738436149116,0.0131256788606247,0.00454015655672484,"Pik3ca/Akt1/Pik3r1",3
"GO:0002690","positive regulation of leukocyte chemotaxis","2/24","103/25615",0.0194174757281553,20.7241100323625,6.14249018057837,0.00417161189667982,0.0131256788606247,0.00454015655672484,"Mapk3/Mapk1",2
"GO:0032204","regulation of telomere maintenance","2/24","103/25615",0.0194174757281553,20.7241100323625,6.14249018057837,0.00417161189667982,0.0131256788606247,0.00454015655672484,"Mapk3/Mapk1",2
"GO:0071260","cellular response to mechanical stimulus","2/24","103/25615",0.0194174757281553,20.7241100323625,6.14249018057837,0.00417161189667982,0.0131256788606247,0.00454015655672484,"Akt1/Mapk3",2
"GO:0098704","carbohydrate import across plasma membrane","2/24","103/25615",0.0194174757281553,20.7241100323625,6.14249018057837,0.00417161189667982,0.0131256788606247,0.00454015655672484,"Akt1/Akt2",2
"GO:0098708","D-glucose import across plasma membrane","2/24","103/25615",0.0194174757281553,20.7241100323625,6.14249018057837,0.00417161189667982,0.0131256788606247,0.00454015655672484,"Akt1/Akt2",2
"GO:0140271","hexose import across plasma membrane","2/24","103/25615",0.0194174757281553,20.7241100323625,6.14249018057837,0.00417161189667982,0.0131256788606247,0.00454015655672484,"Akt1/Akt2",2
"GO:0030217","T cell differentiation","3/24","352/25615",0.00852272727272727,9.09623579545454,4.68395499801912,0.00420376883494257,0.0132032810822973,0.00456699907201754,"Actb/Pik3r1/Egr1",3
"GO:0002220","innate immune response activating cell surface receptor signaling pathway","2/24","104/25615",0.0192307692307692,20.5248397435897,6.10999846683887,0.00425098321599852,0.0132805539478535,0.00459372766342505,"Akt1/Pik3r1",2
"GO:0046209","nitric oxide metabolic process","2/24","104/25615",0.0192307692307692,20.5248397435897,6.10999846683887,0.00425098321599852,0.0132805539478535,0.00459372766342505,"Akt1/Akt2",2
"GO:0071496","cellular response to external stimulus","2/24","104/25615",0.0192307692307692,20.5248397435897,6.10999846683887,0.00425098321599852,0.0132805539478535,0.00459372766342505,"Akt1/Mapk3",2
"GO:0061448","connective tissue development","3/24","354/25615",0.00847457627118644,9.04484463276836,4.66761167830584,0.00427080257279675,0.0133188568730405,0.0046069765992535,"Pik3ca/Mapk3/Egr1",3
"GO:0006446","regulation of translational initiation","2/24","105/25615",0.019047619047619,20.3293650793651,6.07795813123825,0.00433105601841951,0.0134822135021378,0.0046634814611015,"Akt1/Akt2",2
"GO:0070371","ERK1 and ERK2 cascade","3/24","356/25615",0.00842696629213483,8.9940308988764,4.65139733978189,0.00433848754580712,0.0134822135021378,0.0046634814611015,"Mapk3/Mapk1/Jun",3
"GO:2001057","reactive nitrogen species metabolic process","2/24","106/25615",0.0188679245283019,20.1375786163522,6.04635856691263,0.00441182903230214,0.0136859907656978,0.0047339677718735,"Akt1/Akt2",2
"GO:0062197","cellular response to chemical stress","3/24","360/25615",0.00833333333333333,8.89409722222222,4.61934851690133,0.00447581900130201,0.0138600932869844,0.00479418962492622,"Fos/Pik3ca/Akt1",3
"GO:0140029","exocytic process","2/24","107/25615",0.0186915887850467,19.9493769470405,6.01518951386083,0.00449330098760143,0.0138898181406206,0.00480447141610569,"Syp/Camk2a",2
"GO:0097120","receptor localization to synapse","2/24","108/25615",0.0185185185185185,19.7646604938272,5.98444104447911,0.00457547061586644,0.0140943692747494,0.00487522540777819,"Dlg4/Camk2a",2
"GO:1903432","regulation of TORC1 signaling","2/24","108/25615",0.0185185185185185,19.7646604938272,5.98444104447911,0.00457547061586644,0.0140943692747494,0.00487522540777819,"Akt1/Mapk3",2
"GO:0030100","regulation of endocytosis","3/24","367/25615",0.00817438692098093,8.72445504087193,4.56444613326295,0.00472248229704173,0.0144965397341246,0.00501433568675437,"Actb/Arc/Dlg4",3
"GO:0034504","protein localization to nucleus","3/24","367/25615",0.00817438692098093,8.72445504087193,4.56444613326295,0.00472248229704173,0.0144965397341246,0.00501433568675437,"Akt1/Mapk1/Pik3r1",3
"GO:2001252","positive regulation of chromosome organization","2/24","110/25615",0.0181818181818182,19.405303030303,5.92416772657918,0.0047418978254498,0.0145308242929435,0.00502619467448134,"Mapk3/Mapk1",2
"GO:0002768","immune response-regulating cell surface receptor signaling pathway","3/24","369/25615",0.00813008130081301,8.67716802168022,4.54902826004067,0.00479444724896119,0.0146663473136625,0.00507307192461354,"Akt1/Mapk1/Pik3r1",3
"GO:0006885","regulation of pH","2/24","111/25615",0.018018018018018,19.2304804804805,5.89462456462889,0.00482615287782122,0.0147377493426707,0.00509776980070873,"Mapk3/Mapk1",2
"GO:0070555","response to interleukin-1","2/24","112/25615",0.0178571428571429,19.0587797619048,5.86546533529532,0.00491110054526115,0.014971209620675,0.00517852343053398,"Mapk3/Egr1",2
"GO:0048145","regulation of fibroblast proliferation","2/24","113/25615",0.0176991150442478,18.8901179941003,5.83668158010992,0.00499673956726355,0.0152059673877692,0.00525972586027742,"Jun/Creb1",2
"GO:0006112","energy reserve metabolic process","2/24","114/25615",0.0175438596491228,18.7244152046784,5.8082651001427,0.00508306868490636,0.0154068447984837,0.00532920911543225,"Akt1/Akt2",2
"GO:0006913","nucleocytoplasmic transport","3/24","377/25615",0.00795755968169761,8.49303713527851,4.48850576260202,0.00508898051800085,0.0154068447984837,0.00532920911543225,"Akt1/Mapk1/Pik3r1",3
"GO:0051169","nuclear transport","3/24","377/25615",0.00795755968169761,8.49303713527851,4.48850576260202,0.00508898051800085,0.0154068447984837,0.00532920911543225,"Akt1/Mapk1/Pik3r1",3
"GO:0010595","positive regulation of endothelial cell migration","2/24","115/25615",0.0173913043478261,18.5615942028986,5.78020794583985,0.00517008664084978,0.0155987888033858,0.00539560231624374,"Akt1/Akt2",2
"GO:0071482","cellular response to light stimulus","2/24","115/25615",0.0173913043478261,18.5615942028986,5.78020794583985,0.00517008664084978,0.0155987888033858,0.00539560231624374,"Pik3r1/Akt2",2
"GO:0005976","polysaccharide metabolic process","2/24","116/25615",0.0172413793103448,18.4015804597701,5.75250240734391,0.00525779217933467,0.0158362902905772,0.00547775379547417,"Akt1/Akt2",2
"GO:0071346","cellular response to type II interferon","2/24","117/25615",0.0170940170940171,18.244301994302,5.72514100526934,0.0053461840461808,0.0160750448624071,0.00556033871517637,"Gapdh/Camk2a",2
"GO:0044282","small molecule catabolic process","3/24","386/25615",0.0077720207253886,8.29501295336788,4.42252601607825,0.0054332025664076,0.0162596432296089,0.00562419106872786,"Akt1/Gapdh/Akt2",3
"GO:0010660","regulation of muscle cell apoptotic process","2/24","118/25615",0.0169491525423729,18.0896892655367,5.69811648190867,0.00543526098878528,0.0162596432296089,0.00562419106872786,"Pik3r1/Camk2a",2
"GO:0051899","membrane depolarization","2/24","118/25615",0.0169491525423729,18.0896892655367,5.69811648190867,0.00543526098878528,0.0162596432296089,0.00562419106872786,"Jun/Creb1",2
"GO:0010639","negative regulation of organelle organization","3/24","388/25615",0.0077319587628866,8.25225515463917,4.40815472400477,0.00551156259286201,0.0164599547264794,0.00569347857496362,"Pik3ca/Akt1/Pik3r1",3
"GO:0001892","embryonic placenta development","2/24","119/25615",0.0168067226890756,17.937675070028,5.67142179284541,0.00552502175612078,0.0164722306840691,0.00569772481395304,"Akt1/Mapk1",2
"GO:0019395","fatty acid oxidation","2/24","120/25615",0.0166666666666667,17.7881944444444,5.64505009895189,0.00561546509873401,0.0166854123169803,0.00577146408479097,"Akt1/Akt2",2
"GO:0051928","positive regulation of calcium ion transport","2/24","120/25615",0.0166666666666667,17.7881944444444,5.64505009895189,0.00561546509873401,0.0166854123169803,0.00577146408479097,"Grin1/Camk2a",2
"GO:1903037","regulation of leukocyte cell-cell adhesion","3/24","393/25615",0.00763358778625954,8.14726463104326,4.37267371534791,0.0057104517057772,0.016939084016127,0.00585920882091972,"Akt1/Mapk3/Actb",3
"GO:0009062","fatty acid catabolic process","2/24","122/25615",0.0163934426229508,17.4965846994535,5.59324932112357,0.00579839451984011,0.0171710439394257,0.00593944347985391,"Akt1/Akt2",2
"GO:0019217","regulation of fatty acid metabolic process","2/24","123/25615",0.016260162601626,17.3543360433604,5.56780751833987,0.00589087810728119,0.0174156497064253,0.00602405232093926,"Akt1/Akt2",2
"GO:0038202","TORC1 signaling","2/24","124/25615",0.0161290322580645,17.2143817204301,5.54266325940354,0.00598403928789307,0.0176319017144943,0.0060988536308574,"Akt1/Mapk3",2
"GO:0051262","protein tetramerization","2/24","124/25615",0.0161290322580645,17.2143817204301,5.54266325940354,0.00598403928789307,0.0176319017144943,0.0060988536308574,"Grin1/Grin2b",2
"GO:0045445","myoblast differentiation","2/24","125/25615",0.016,17.0766666666667,5.51781062368642,0.00607787682006733,0.0178486982615977,0.00617384329617366,"Actb/Pik3r1",2
"GO:0048144","fibroblast proliferation","2/24","125/25615",0.016,17.0766666666667,5.51781062368642,0.00607787682006733,0.0178486982615977,0.00617384329617366,"Jun/Creb1",2
"GO:0010657","muscle cell apoptotic process","2/24","126/25615",0.0158730158730159,16.9411375661376,5.49324385484232,0.00617238946375962,0.0180960902415049,0.00625941588495808,"Pik3r1/Camk2a",2
"GO:0046620","regulation of organ growth","2/24","127/25615",0.015748031496063,16.8077427821522,5.46895735498453,0.00626757598048787,0.0183446326870758,0.00634538641843412,"Akt1/Mapk1",2
"GO:0043534","blood vessel endothelial cell migration","2/24","128/25615",0.015625,16.6764322916667,5.44494567911368,0.0063634351333308,0.0185635309684253,0.00642110307110236,"Akt1/Akt2",2
"GO:0071621","granulocyte chemotaxis","2/24","128/25615",0.015625,16.6764322916667,5.44494567911368,0.0063634351333308,0.0185635309684253,0.00642110307110236,"Mapk3/Mapk1",2
"GO:0009895","negative regulation of catabolic process","3/24","410/25615",0.00731707317073171,7.80945121951219,4.25658573846318,0.00641892445904279,0.0186944543749312,0.00646638932020144,"Akt1/Mapk3/Grin2a",3
"GO:0120034","positive regulation of plasma membrane bounded cell projection assembly","2/24","129/25615",0.0155038759689922,16.547157622739,5.42120352978338,0.00645996568692615,0.0187583778184717,0.00648850036256355,"Akt1/Pik3r1",2
"GO:0006887","exocytosis","3/24","411/25615",0.0072992700729927,7.7904501216545,4.24996578803139,0.00646216534382085,0.0187583778184717,0.00648850036256355,"Syp/Syn1/Camk2a",3
"GO:0050900","leukocyte migration","3/24","412/25615",0.00728155339805825,7.77154126213592,4.24336815189897,0.00650558147093862,0.0188533463022925,0.00652134984708009,"Akt1/Mapk3/Mapk1",3
"GO:0002688","regulation of leukocyte chemotaxis","2/24","130/25615",0.0153846153846154,16.4198717948718,5.39772575199179,0.00655716640746912,0.0188786392319618,0.00653009864108122,"Mapk3/Mapk1",2
"GO:0006612","protein targeting to membrane","2/24","130/25615",0.0153846153846154,16.4198717948718,5.39772575199179,0.00655716640746912,0.0188786392319618,0.00653009864108122,"Grin2a/Akt2",2
"GO:0034440","lipid oxidation","2/24","130/25615",0.0153846153846154,16.4198717948718,5.39772575199179,0.00655716640746912,0.0188786392319618,0.00653009864108122,"Akt1/Akt2",2
"GO:1904659","D-glucose transmembrane transport","2/24","130/25615",0.0153846153846154,16.4198717948718,5.39772575199179,0.00655716640746912,0.0188786392319618,0.00653009864108122,"Akt1/Akt2",2
"GO:0048534","hematopoietic or lymphoid organ development","2/24","133/25615",0.0150375939849624,16.0494987468672,5.32882913314644,0.00685277725606222,0.019697542455435,0.00681335628275097,"Mapk3/Mapk1",2
"GO:0043010","camera-type eye development","3/24","422/25615",0.00710900473933649,7.58738151658768,4.17859032213646,0.00694942273530562,0.0199196143846606,0.00689017069640866,"Fos/Jun/Ntrk2",3
"GO:0015908","fatty acid transport","2/24","134/25615",0.0149253731343284,15.9297263681592,5.30635997331342,0.00695264633743828,0.0199196143846606,0.00689017069640866,"Akt1/Akt2",2
"GO:0008645","hexose transmembrane transport","2/24","135/25615",0.0148148148148148,15.8117283950617,5.28413138233006,0.00705317944004158,0.0201748411905086,0.00697845334207805,"Akt1/Akt2",2
"GO:0021700","developmental maturation","3/24","425/25615",0.00705882352941176,7.53382352941176,4.15957037892892,0.00708602404483781,0.0202359390064898,0.00699958700326041,"Grin1/Camk2b/Dlg4",3
"GO:0007030","Golgi organization","2/24","137/25615",0.0145985401459854,15.580900243309,5.24037843385182,0.00725623281249675,0.0206884825495457,0.00715612127139434,"Mapk3/Mapk1",2
"GO:0042176","regulation of protein catabolic process","3/24","430/25615",0.00697674418604651,7.44622093023256,4.12827986301293,0.00731725208754338,0.0208287531151073,0.0072046406915868,"Akt1/Mapk3/Grin2a",3
"GO:0015749","monosaccharide transmembrane transport","2/24","138/25615",0.0144927536231884,15.4679951690821,5.21884561652638,0.00735875063799517,0.0208794180743116,0.00722216564013764,"Akt1/Akt2",2
"GO:0032434","regulation of proteasomal ubiquitin-dependent protein catabolic process","2/24","138/25615",0.0144927536231884,15.4679951690821,5.21884561652638,0.00735875063799517,0.0208794180743116,0.00722216564013764,"Akt1/Mapk3",2
"GO:0030518","nuclear receptor-mediated steroid hormone signaling pathway","2/24","140/25615",0.0142857142857143,15.2470238095238,5.17644693883776,0.00756576246822247,0.0213978707367705,0.00740149779353014,"Ntrk2/Bdnf",2
"GO:0043401","steroid hormone receptor signaling pathway","2/24","140/25615",0.0142857142857143,15.2470238095238,5.17644693883776,0.00756576246822247,0.0213978707367705,0.00740149779353014,"Ntrk2/Bdnf",2
"GO:0007159","leukocyte cell-cell adhesion","3/24","438/25615",0.00684931506849315,7.31021689497717,4.07924741906951,0.00769651974423614,0.0217328009444617,0.00751734975019016,"Akt1/Mapk3/Actb",3
"GO:0001936","regulation of endothelial cell proliferation","2/24","143/25615",0.013986013986014,14.9271561771562,5.11445823503347,0.00788120240990791,0.0222186858340124,0.00768541675004073,"Akt1/Jun",2
"GO:0034763","negative regulation of transmembrane transport","2/24","144/25615",0.0138888888888889,14.8234953703704,5.0942096544881,0.00798765678645963,0.0224828294852106,0.00777678372180952,"Akt1/Akt2",2
"GO:0046488","phosphatidylinositol metabolic process","2/24","146/25615",0.0136986301369863,14.6204337899543,5.05431279674328,0.00820251986740537,0.0230140764432616,0.00796054140668406,"Pik3ca/Pik3r1",2
"GO:0048259","regulation of receptor-mediated endocytosis","2/24","146/25615",0.0136986301369863,14.6204337899543,5.05431279674328,0.00820251986740537,0.0230140764432616,0.00796054140668406,"Arc/Dlg4",2
"GO:0051345","positive regulation of hydrolase activity","2/24","147/25615",0.0136054421768707,14.5209750566893,5.03465775414279,0.00831092615511136,0.0232811635696442,0.00805292652298465,"Akt2/Camk2b",2
"GO:0006979","response to oxidative stress","3/24","451/25615",0.00665188470066519,7.09950110864745,4.00215074097548,0.00833745069654272,0.0233183938528703,0.00806580443324684,"Fos/Akt1/Jun",3
"GO:0072329","monocarboxylic acid catabolic process","2/24","148/25615",0.0135135135135135,14.4228603603604,5.01519392523996,0.00841998066572851,0.0234746929319836,0.00811986809702999,"Akt1/Akt2",2
"GO:0097237","cellular response to toxic substance","2/24","148/25615",0.0135135135135135,14.4228603603604,5.01519392523996,0.00841998066572851,0.0234746929319836,0.00811986809702999,"Mapk3/Mapk1",2
"GO:0030522","intracellular receptor signaling pathway","3/24","454/25615",0.0066079295154185,7.05258810572687,3.98479324635093,0.0084897182848542,0.0236317276744283,0.00817418622587608,"Akt1/Ntrk2/Bdnf",3
"GO:0030278","regulation of ossification","2/24","150/25615",0.0133333333333333,14.2305555555556,4.97682723616123,0.00864002953912214,0.0238991083954995,0.00826667289622692,"Mapk3/Mapk1",2
"GO:0034219","carbohydrate transmembrane transport","2/24","150/25615",0.0133333333333333,14.2305555555556,4.97682723616123,0.00864002953912214,0.0238991083954995,0.00826667289622692,"Akt1/Akt2",2
"GO:0034341","response to type II interferon","2/24","150/25615",0.0133333333333333,14.2305555555556,4.97682723616123,0.00864002953912214,0.0238991083954995,0.00826667289622692,"Gapdh/Camk2a",2
"GO:0043087","regulation of GTPase activity","2/24","150/25615",0.0133333333333333,14.2305555555556,4.97682723616123,0.00864002953912214,0.0238991083954995,0.00826667289622692,"Ntrk2/Akt2",2
"GO:0042177","negative regulation of protein catabolic process","2/24","151/25615",0.0132450331125828,14.1363134657837,4.95791822310544,0.00875102149742189,0.0241681816276761,0.00835974500413673,"Mapk3/Grin2a",2
"GO:0007005","mitochondrion organization","3/24","460/25615",0.00652173913043478,6.96059782608696,3.95054733764365,0.00879919018420381,0.0242631816972881,0.00839260541414052,"Akt1/Jun/Camk2a",3
"GO:0045598","regulation of fat cell differentiation","2/24","153/25615",0.0130718954248366,13.9515250544662,4.9206340050164,0.00897493445744974,0.0247091164281663,0.00854685370207796,"Akt1/Creb1",2
"GO:0008643","carbohydrate transport","2/24","154/25615",0.012987012987013,13.8609307359307,4.90225306027765,0.00908785306382569,0.024942051555235,0.00862742568282518,"Akt1/Akt2",2
"GO:0046165","alcohol biosynthetic process","2/24","154/25615",0.012987012987013,13.8609307359307,4.90225306027765,0.00908785306382569,0.024942051555235,0.00862742568282518,"Akt1/Mapk1",2
"GO:0042471","ear morphogenesis","2/24","155/25615",0.0129032258064516,13.7715053763441,4.884042506412,0.00920141149340392,0.0251030841096668,0.00868312665003707,"Mapk3/Mapk1",2
"GO:0014870","response to muscle inactivity","1/24","10/25615",0.1,106.729166666667,10.2407818336611,0.00933173671500098,0.0251030841096668,0.00868312665003707,"Pik3ca",1
"GO:0018119","peptidyl-cysteine S-nitrosylation","1/24","10/25615",0.1,106.729166666667,10.2407818336611,0.00933173671500098,0.0251030841096668,0.00868312665003707,"Gapdh",1
"GO:0031547","brain-derived neurotrophic factor receptor signaling pathway","1/24","10/25615",0.1,106.729166666667,10.2407818336611,0.00933173671500098,0.0251030841096668,0.00868312665003707,"Ntrk2",1
"GO:0036017","response to erythropoietin","1/24","10/25615",0.1,106.729166666667,10.2407818336611,0.00933173671500098,0.0251030841096668,0.00868312665003707,"Creb1",1
"GO:0036481","intrinsic apoptotic signaling pathway in response to hydrogen peroxide","1/24","10/25615",0.1,106.729166666667,10.2407818336611,0.00933173671500098,0.0251030841096668,0.00868312665003707,"Akt1",1
"GO:0044029","positive regulation of gene expression via chromosomal CpG island demethylation","1/24","10/25615",0.1,106.729166666667,10.2407818336611,0.00933173671500098,0.0251030841096668,0.00868312665003707,"Egr1",1
"GO:0045657","positive regulation of monocyte differentiation","1/24","10/25615",0.1,106.729166666667,10.2407818336611,0.00933173671500098,0.0251030841096668,0.00868312665003707,"Jun",1
"GO:0061470","T follicular helper cell differentiation","1/24","10/25615",0.1,106.729166666667,10.2407818336611,0.00933173671500098,0.0251030841096668,0.00868312665003707,"Pik3r1",1
"GO:1900147","regulation of Schwann cell migration","1/24","10/25615",0.1,106.729166666667,10.2407818336611,0.00933173671500098,0.0251030841096668,0.00868312665003707,"Grin1",1
"GO:1901724","positive regulation of cell proliferation involved in kidney development","1/24","10/25615",0.1,106.729166666667,10.2407818336611,0.00933173671500098,0.0251030841096668,0.00868312665003707,"Egr1",1
"GO:1904688","regulation of cytoplasmic translational initiation","1/24","10/25615",0.1,106.729166666667,10.2407818336611,0.00933173671500098,0.0251030841096668,0.00868312665003707,"Akt2",1
"GO:2000224","regulation of testosterone biosynthetic process","1/24","10/25615",0.1,106.729166666667,10.2407818336611,0.00933173671500098,0.0251030841096668,0.00868312665003707,"Creb1",1
"GO:0030098","lymphocyte differentiation","3/24","474/25615",0.00632911392405063,6.75501054852321,3.87297519819368,0.00954705042659948,0.0256431445909578,0.00886993292201717,"Actb/Pik3r1/Egr1",3
"GO:1903038","negative regulation of leukocyte cell-cell adhesion","2/24","159/25615",0.0125786163522013,13.4250524109015,4.81285087509003,0.00966201958873227,0.0259124482729776,0.00896308474225104,"Akt1/Mapk3",2
"GO:0006869","lipid transport","3/24","478/25615",0.00627615062761506,6.69848326359833,3.85138733452422,0.00976739027681071,0.0260668287588325,0.00901648476692994,"Akt1/Mapk3/Akt2",3
"GO:0000723","telomere maintenance","2/24","160/25615",0.0125,13.3411458333333,4.79545279204581,0.00977875925629301,0.0260668287588325,0.00901648476692994,"Mapk3/Mapk1",2
"GO:0032200","telomere organization","2/24","160/25615",0.0125,13.3411458333333,4.79545279204581,0.00977875925629301,0.0260668287588325,0.00901648476692994,"Mapk3/Mapk1",2
"GO:0034614","cellular response to reactive oxygen species","2/24","160/25615",0.0125,13.3411458333333,4.79545279204581,0.00977875925629301,0.0260668287588325,0.00901648476692994,"Fos/Akt1",2
"GO:0009411","response to UV","2/24","161/25615",0.0124223602484472,13.258281573499,4.77820970525159,0.00989613160641675,0.0263398548194959,0.00911092415346684,"Akt1/Pik3r1",2
"GO:0032006","regulation of TOR signaling","2/24","162/25615",0.0123456790123457,13.1764403292181,4.76111924096294,0.0100141354542756,0.0264307904540044,0.00914237868024886,"Akt1/Mapk3",2
"GO:0097530","granulocyte migration","2/24","162/25615",0.0123456790123457,13.1764403292181,4.76111924096294,0.0100141354542756,0.0264307904540044,0.00914237868024886,"Mapk3/Mapk1",2
"GO:2000045","regulation of G1/S transition of mitotic cell cycle","2/24","162/25615",0.0123456790123457,13.1764403292181,4.76111924096294,0.0100141354542756,0.0264307904540044,0.00914237868024886,"Akt1/Actb",2
"GO:2000377","regulation of reactive oxygen species metabolic process","2/24","163/25615",0.0122699386503067,13.0956032719836,4.74417907627966,0.0101327696165456,0.0264307904540044,0.00914237868024886,"Grin1/Akt1",2
"GO:0050673","epithelial cell proliferation","3/24","485/25615",0.00618556701030928,6.60180412371134,3.81419804295989,0.010160157878838,0.0264307904540044,0.00914237868024886,"Akt1/Mapk1/Jun",3
"GO:0098771","inorganic ion homeostasis","3/24","485/25615",0.00618556701030928,6.60180412371134,3.81419804295989,0.010160157878838,0.0264307904540044,0.00914237868024886,"Grin1/Ntrk2/Grin2b",3
"GO:1905039","carboxylic acid transmembrane transport","2/24","164/25615",0.0121951219512195,13.0157520325203,4.72738693775167,0.0102520329114051,0.0264307904540044,0.00914237868024886,"Akt1/Akt2",2
"GO:0010496","intercellular transport","1/24","11/25615",0.0909090909090909,97.0265151515151,9.75515775044708,0.0102603068504762,0.0264307904540044,0.00914237868024886,"Arc",1
"GO:0017014","protein nitrosylation","1/24","11/25615",0.0909090909090909,97.0265151515151,9.75515775044708,0.0102603068504762,0.0264307904540044,0.00914237868024886,"Gapdh",1
"GO:0032229","negative regulation of synaptic transmission, GABAergic","1/24","11/25615",0.0909090909090909,97.0265151515151,9.75515775044708,0.0102603068504762,0.0264307904540044,0.00914237868024886,"Bdnf",1
"GO:0035519","protein K29-linked ubiquitination","1/24","11/25615",0.0909090909090909,97.0265151515151,9.75515775044708,0.0102603068504762,0.0264307904540044,0.00914237868024886,"Akt1",1
"GO:0046166","glyceraldehyde-3-phosphate biosynthetic process","1/24","11/25615",0.0909090909090909,97.0265151515151,9.75515775044708,0.0102603068504762,0.0264307904540044,0.00914237868024886,"Gapdh",1
"GO:0048170","positive regulation of long-term neuronal synaptic plasticity","1/24","11/25615",0.0909090909090909,97.0265151515151,9.75515775044708,0.0102603068504762,0.0264307904540044,0.00914237868024886,"Bdnf",1
"GO:0048227","plasma membrane to endosome transport","1/24","11/25615",0.0909090909090909,97.0265151515151,9.75515775044708,0.0102603068504762,0.0264307904540044,0.00914237868024886,"Grin2a",1
"GO:0048935","peripheral nervous system neuron development","1/24","11/25615",0.0909090909090909,97.0265151515151,9.75515775044708,0.0102603068504762,0.0264307904540044,0.00914237868024886,"Ntrk2",1
"GO:0071389","cellular response to mineralocorticoid stimulus","1/24","11/25615",0.0909090909090909,97.0265151515151,9.75515775044708,0.0102603068504762,0.0264307904540044,0.00914237868024886,"Npas4",1
"GO:0072203","cell proliferation involved in metanephros development","1/24","11/25615",0.0909090909090909,97.0265151515151,9.75515775044708,0.0102603068504762,0.0264307904540044,0.00914237868024886,"Egr1",1
"GO:0120180","cell-substrate junction disassembly","1/24","11/25615",0.0909090909090909,97.0265151515151,9.75515775044708,0.0102603068504762,0.0264307904540044,0.00914237868024886,"Pik3r1",1
"GO:0120181","focal adhesion disassembly","1/24","11/25615",0.0909090909090909,97.0265151515151,9.75515775044708,0.0102603068504762,0.0264307904540044,0.00914237868024886,"Pik3r1",1
"GO:0140052","cellular response to oxidised low-density lipoprotein particle stimulus","1/24","11/25615",0.0909090909090909,97.0265151515151,9.75515775044708,0.0102603068504762,0.0264307904540044,0.00914237868024886,"Akt1",1
"GO:1901626","regulation of postsynaptic membrane organization","1/24","11/25615",0.0909090909090909,97.0265151515151,9.75515775044708,0.0102603068504762,0.0264307904540044,0.00914237868024886,"Dlg4",1
"GO:1990416","cellular response to brain-derived neurotrophic factor stimulus","1/24","11/25615",0.0909090909090909,97.0265151515151,9.75515775044708,0.0102603068504762,0.0264307904540044,0.00914237868024886,"Ntrk2",1
"GO:0008203","cholesterol metabolic process","2/24","165/25615",0.0121212121212121,12.9368686868687,4.71074060003136,0.0103719241585331,0.0266793144048692,0.00922834281642825,"Akt1/Mapk1",2
"GO:0001935","endothelial cell proliferation","2/24","166/25615",0.0120481927710843,12.8589357429719,4.69423788457055,0.010492442179108,0.0268716324412621,0.00929486539428327,"Akt1/Jun",2
"GO:0002687","positive regulation of leukocyte migration","2/24","166/25615",0.0120481927710843,12.8589357429719,4.69423788457055,0.010492442179108,0.0268716324412621,0.00929486539428327,"Mapk3/Mapk1",2
"GO:0031623","receptor internalization","2/24","166/25615",0.0120481927710843,12.8589357429719,4.69423788457055,0.010492442179108,0.0268716324412621,0.00929486539428327,"Arc/Dlg4",2
"GO:0006413","translational initiation","2/24","167/25615",0.0119760479041916,12.7819361277445,4.67787665836043,0.0106135857958055,0.0271424356635839,0.00938853590370696,"Akt1/Akt2",2
"GO:0001889","liver development","2/24","171/25615",0.0116959064327485,12.4829434697856,4.61380551257289,0.0111043927296624,0.0279053251334345,0.00965241845525933,"Pik3ca/Jun",2
"GO:0010944","negative regulation of transcription by competitive promoter binding","1/24","12/25615",0.0833333333333333,88.9409722222222,9.33119257880338,0.0111880428540532,0.0279053251334345,0.00965241845525933,"Creb1",1
"GO:0019227","neuronal action potential propagation","1/24","12/25615",0.0833333333333333,88.9409722222222,9.33119257880338,0.0111880428540532,0.0279053251334345,0.00965241845525933,"Ntrk2",1
"GO:0032000","positive regulation of fatty acid beta-oxidation","1/24","12/25615",0.0833333333333333,88.9409722222222,9.33119257880338,0.0111880428540532,0.0279053251334345,0.00965241845525933,"Akt2",1
"GO:0036135","Schwann cell migration","1/24","12/25615",0.0833333333333333,88.9409722222222,9.33119257880338,0.0111880428540532,0.0279053251334345,0.00965241845525933,"Grin1",1
"GO:0036415","regulation of tRNA stability","1/24","12/25615",0.0833333333333333,88.9409722222222,9.33119257880338,0.0111880428540532,0.0279053251334345,0.00965241845525933,"Akt1",1
"GO:0036416","tRNA stabilization","1/24","12/25615",0.0833333333333333,88.9409722222222,9.33119257880338,0.0111880428540532,0.0279053251334345,0.00965241845525933,"Akt1",1
"GO:0043922","host-mediated suppression of viral transcription","1/24","12/25615",0.0833333333333333,88.9409722222222,9.33119257880338,0.0111880428540532,0.0279053251334345,0.00965241845525933,"Jun",1
"GO:0048934","peripheral nervous system neuron differentiation","1/24","12/25615",0.0833333333333333,88.9409722222222,9.33119257880338,0.0111880428540532,0.0279053251334345,0.00965241845525933,"Ntrk2",1
"GO:0060193","positive regulation of lipase activity","1/24","12/25615",0.0833333333333333,88.9409722222222,9.33119257880338,0.0111880428540532,0.0279053251334345,0.00965241845525933,"Camk2b",1
"GO:0071107","response to parathyroid hormone","1/24","12/25615",0.0833333333333333,88.9409722222222,9.33119257880338,0.0111880428540532,0.0279053251334345,0.00965241845525933,"Fos",1
"GO:0072124","regulation of glomerular mesangial cell proliferation","1/24","12/25615",0.0833333333333333,88.9409722222222,9.33119257880338,0.0111880428540532,0.0279053251334345,0.00965241845525933,"Egr1",1
"GO:1901299","negative regulation of hydrogen peroxide-mediated programmed cell death","1/24","12/25615",0.0833333333333333,88.9409722222222,9.33119257880338,0.0111880428540532,0.0279053251334345,0.00965241845525933,"Akt1",1
"GO:1902370","regulation of tRNA catabolic process","1/24","12/25615",0.0833333333333333,88.9409722222222,9.33119257880338,0.0111880428540532,0.0279053251334345,0.00965241845525933,"Akt1",1
"GO:1902371","negative regulation of tRNA catabolic process","1/24","12/25615",0.0833333333333333,88.9409722222222,9.33119257880338,0.0111880428540532,0.0279053251334345,0.00965241845525933,"Akt1",1
"GO:1904415","regulation of xenophagy","1/24","12/25615",0.0833333333333333,88.9409722222222,9.33119257880338,0.0111880428540532,0.0279053251334345,0.00965241845525933,"Mapk3",1
"GO:1904417","positive regulation of xenophagy","1/24","12/25615",0.0833333333333333,88.9409722222222,9.33119257880338,0.0111880428540532,0.0279053251334345,0.00965241845525933,"Mapk3",1
"GO:0050729","positive regulation of inflammatory response","2/24","172/25615",0.0116279069767442,12.4103682170543,4.5981212482234,0.0112286467194127,0.0279053251334345,0.00965241845525933,"Mapk3/Mapk1",2
"GO:0070665","positive regulation of leukocyte proliferation","2/24","172/25615",0.0116279069767442,12.4103682170543,4.5981212482234,0.0112286467194127,0.0279053251334345,0.00965241845525933,"Mapk3/Mapk1",2
"GO:1903169","regulation of calcium ion transmembrane transport","2/24","172/25615",0.0116279069767442,12.4103682170543,4.5981212482234,0.0112286467194127,0.0279053251334345,0.00965241845525933,"Grin1/Akt1",2
"GO:0098876","vesicle-mediated transport to the plasma membrane","2/24","174/25615",0.0114942528735632,12.2677203065134,4.5671396191738,0.0114790092226382,0.0284873440144909,0.00985373808733511,"Akt1/Camk2a",2
"GO:0061008","hepaticobiliary system development","2/24","175/25615",0.0114285714285714,12.197619047619,4.55183859880921,0.0116051154038268,0.0287597937293148,0.00994797811653819,"Pik3ca/Jun",2
"GO:0030509","BMP signaling pathway","2/24","176/25615",0.0113636363636364,12.1283143939394,4.53666173119951,0.011731836652348,0.028992280759379,0.0100283951010696,"Mapk3/Egr1",2
"GO:0046474","glycerophospholipid biosynthetic process","2/24","176/25615",0.0113636363636364,12.1283143939394,4.53666173119951,0.011731836652348,0.028992280759379,0.0100283951010696,"Pik3ca/Pik3r1",2
"GO:1902904","negative regulation of supramolecular fiber organization","2/24","178/25615",0.0112359550561798,11.9920411985019,4.50667353402023,0.0119871197031248,0.0291636977102153,0.0100876880185284,"Pik3ca/Pik3r1",2
"GO:0002841","negative regulation of T cell mediated immune response to tumor cell","1/24","13/25615",0.0769230769230769,82.099358974359,8.95679936607992,0.0121149454424803,0.0291636977102153,0.0100876880185284,"Mapk3",1
"GO:0014854","response to inactivity","1/24","13/25615",0.0769230769230769,82.099358974359,8.95679936607992,0.0121149454424803,0.0291636977102153,0.0100876880185284,"Pik3ca",1
"GO:0022605","mammalian oogenesis stage","1/24","13/25615",0.0769230769230769,82.099358974359,8.95679936607992,0.0121149454424803,0.0291636977102153,0.0100876880185284,"Akt1",1
"GO:0035865","cellular response to potassium ion","1/24","13/25615",0.0769230769230769,82.099358974359,8.95679936607992,0.0121149454424803,0.0291636977102153,0.0100876880185284,"Dlg4",1
"GO:0045792","negative regulation of cell size","1/24","13/25615",0.0769230769230769,82.099358974359,8.95679936607992,0.0121149454424803,0.0291636977102153,0.0100876880185284,"Akt1",1
"GO:0046958","nonassociative learning","1/24","13/25615",0.0769230769230769,82.099358974359,8.95679936607992,0.0121149454424803,0.0291636977102153,0.0100876880185284,"Grin2b",1
"GO:0060430","lung saccule development","1/24","13/25615",0.0769230769230769,82.099358974359,8.95679936607992,0.0121149454424803,0.0291636977102153,0.0100876880185284,"Creb1",1
"GO:0072110","glomerular mesangial cell proliferation","1/24","13/25615",0.0769230769230769,82.099358974359,8.95679936607992,0.0121149454424803,0.0291636977102153,0.0100876880185284,"Egr1",1
"GO:0098870","action potential propagation","1/24","13/25615",0.0769230769230769,82.099358974359,8.95679936607992,0.0121149454424803,0.0291636977102153,0.0100876880185284,"Ntrk2",1
"GO:1900454","positive regulation of long-term synaptic depression","1/24","13/25615",0.0769230769230769,82.099358974359,8.95679936607992,0.0121149454424803,0.0291636977102153,0.0100876880185284,"Ntrk2",1
"GO:1903326","regulation of tRNA metabolic process","1/24","13/25615",0.0769230769230769,82.099358974359,8.95679936607992,0.0121149454424803,0.0291636977102153,0.0100876880185284,"Akt1",1
"GO:1903327","negative regulation of tRNA metabolic process","1/24","13/25615",0.0769230769230769,82.099358974359,8.95679936607992,0.0121149454424803,0.0291636977102153,0.0100876880185284,"Akt1",1
"GO:1903939","regulation of TORC2 signaling","1/24","13/25615",0.0769230769230769,82.099358974359,8.95679936607992,0.0121149454424803,0.0291636977102153,0.0100876880185284,"Akt1",1
"GO:1904628","cellular response to phorbol 13-acetate 12-myristate","1/24","13/25615",0.0769230769230769,82.099358974359,8.95679936607992,0.0121149454424803,0.0291636977102153,0.0100876880185284,"Fos",1
"GO:0030879","mammary gland development","2/24","179/25615",0.0111731843575419,11.9250465549348,4.49185882869267,0.0121156791849475,0.0291636977102153,0.0100876880185284,"Mapk1/Creb1",2
"GO:0051494","negative regulation of cytoskeleton organization","2/24","179/25615",0.0111731843575419,11.9250465549348,4.49185882869267,0.0121156791849475,0.0291636977102153,0.0100876880185284,"Pik3ca/Pik3r1",2
"GO:1902652","secondary alcohol metabolic process","2/24","179/25615",0.0111731843575419,11.9250465549348,4.49185882869267,0.0121156791849475,0.0291636977102153,0.0100876880185284,"Akt1/Mapk1",2
"GO:2001235","positive regulation of apoptotic signaling pathway","2/24","179/25615",0.0111731843575419,11.9250465549348,4.49185882869267,0.0121156791849475,0.0291636977102153,0.0100876880185284,"Jun/Camk2b",2
"GO:0007224","smoothened signaling pathway","2/24","181/25615",0.0110497237569061,11.7932780847145,4.46258000942394,0.0123746282714592,0.0296251290955314,0.0102472965806277,"Akt1/Mapk1",2
"GO:0010594","regulation of endothelial cell migration","2/24","181/25615",0.0110497237569061,11.7932780847145,4.46258000942394,0.0123746282714592,0.0296251290955314,0.0102472965806277,"Akt1/Akt2",2
"GO:0017148","negative regulation of translation","2/24","181/25615",0.0110497237569061,11.7932780847145,4.46258000942394,0.0123746282714592,0.0296251290955314,0.0102472965806277,"Akt1/Gapdh",2
"GO:0034767","positive regulation of monoatomic ion transmembrane transport","2/24","181/25615",0.0110497237569061,11.7932780847145,4.46258000942394,0.0123746282714592,0.0296251290955314,0.0102472965806277,"Grin1/Arc",2
"GO:0016125","sterol metabolic process","2/24","182/25615",0.010989010989011,11.7284798534799,4.4481127117503,0.0125050155645726,0.0298561482720554,0.0103272058363821,"Akt1/Mapk1",2
"GO:2000058","regulation of ubiquitin-dependent protein catabolic process","2/24","182/25615",0.010989010989011,11.7284798534799,4.4481127117503,0.0125050155645726,0.0298561482720554,0.0103272058363821,"Akt1/Mapk3",2
"GO:0007009","plasma membrane organization","2/24","184/25615",0.0108695652173913,11.6009963768116,4.41951460757534,0.0127676098826199,0.0304418519799407,0.0105298000456334,"Akt1/Akt2",2
"GO:1902806","regulation of cell cycle G1/S phase transition","2/24","185/25615",0.0108108108108108,11.5382882882883,4.40538079552259,0.0128998146048073,0.0306785968155404,0.0106116897999868,"Akt1/Actb",2
"GO:0006924","activation-induced cell death of T cells","1/24","14/25615",0.0714285714285714,76.235119047619,8.622969710711,0.0130410153319181,0.0306785968155404,0.0106116897999868,"Akt1",1
"GO:0007343","egg activation","1/24","14/25615",0.0714285714285714,76.235119047619,8.622969710711,0.0130410153319181,0.0306785968155404,0.0106116897999868,"Camk2b",1
"GO:0035437","maintenance of protein localization in endoplasmic reticulum","1/24","14/25615",0.0714285714285714,76.235119047619,8.622969710711,0.0130410153319181,0.0306785968155404,0.0106116897999868,"Akt1",1
"GO:0038180","nerve growth factor signaling pathway","1/24","14/25615",0.0714285714285714,76.235119047619,8.622969710711,0.0130410153319181,0.0306785968155404,0.0106116897999868,"Bdnf",1
"GO:0048672","positive regulation of collateral sprouting","1/24","14/25615",0.0714285714285714,76.235119047619,8.622969710711,0.0130410153319181,0.0306785968155404,0.0106116897999868,"Bdnf",1
"GO:0071257","cellular response to electrical stimulus","1/24","14/25615",0.0714285714285714,76.235119047619,8.622969710711,0.0130410153319181,0.0306785968155404,0.0106116897999868,"Actb",1
"GO:0097011","cellular response to granulocyte macrophage colony-stimulating factor stimulus","1/24","14/25615",0.0714285714285714,76.235119047619,8.622969710711,0.0130410153319181,0.0306785968155404,0.0106116897999868,"Akt1",1
"GO:0106104","regulation of glutamate receptor clustering","1/24","14/25615",0.0714285714285714,76.235119047619,8.622969710711,0.0130410153319181,0.0306785968155404,0.0106116897999868,"Dlg4",1
"GO:1904717","regulation of AMPA glutamate receptor clustering","1/24","14/25615",0.0714285714285714,76.235119047619,8.622969710711,0.0130410153319181,0.0306785968155404,0.0106116897999868,"Dlg4",1
"GO:0006367","transcription initiation at RNA polymerase II promoter","2/24","190/25615",0.0105263157894737,11.234649122807,4.33630651404204,0.0135698679244809,0.0317953554294354,0.0109979752635421,"Creb1/Egr1",2
"GO:0071772","response to BMP","2/24","190/25615",0.0105263157894737,11.234649122807,4.33630651404204,0.0135698679244809,0.0317953554294354,0.0109979752635421,"Mapk3/Egr1",2
"GO:0071773","cellular response to BMP stimulus","2/24","190/25615",0.0105263157894737,11.234649122807,4.33630651404204,0.0135698679244809,0.0317953554294354,0.0109979752635421,"Mapk3/Egr1",2
"GO:0010807","regulation of synaptic vesicle priming","1/24","15/25615",0.0666666666666667,71.1527777777778,8.32283364232729,0.0139662532379385,0.0320841436835042,0.0110978667738508,"Syp",1
"GO:0010918","positive regulation of mitochondrial membrane potential","1/24","15/25615",0.0666666666666667,71.1527777777778,8.32283364232729,0.0139662532379385,0.0320841436835042,0.0110978667738508,"Akt1",1
"GO:0021548","pons development","1/24","15/25615",0.0666666666666667,71.1527777777778,8.32283364232729,0.0139662532379385,0.0320841436835042,0.0110978667738508,"Grin1",1
"GO:0032372","negative regulation of sterol transport","1/24","15/25615",0.0666666666666667,71.1527777777778,8.32283364232729,0.0139662532379385,0.0320841436835042,0.0110978667738508,"Mapk3",1
"GO:0032375","negative regulation of cholesterol transport","1/24","15/25615",0.0666666666666667,71.1527777777778,8.32283364232729,0.0139662532379385,0.0320841436835042,0.0110978667738508,"Mapk3",1
"GO:0034333","adherens junction assembly","1/24","15/25615",0.0666666666666667,71.1527777777778,8.32283364232729,0.0139662532379385,0.0320841436835042,0.0110978667738508,"Actb",1
"GO:0044793","host-mediated suppression of viral proces","1/24","15/25615",0.0666666666666667,71.1527777777778,8.32283364232729,0.0139662532379385,0.0320841436835042,0.0110978667738508,"Jun",1
"GO:0045176","apical protein localization","1/24","15/25615",0.0666666666666667,71.1527777777778,8.32283364232729,0.0139662532379385,0.0320841436835042,0.0110978667738508,"Actb",1
"GO:0097012","response to granulocyte macrophage colony-stimulating factor","1/24","15/25615",0.0666666666666667,71.1527777777778,8.32283364232729,0.0139662532379385,0.0320841436835042,0.0110978667738508,"Akt1",1
"GO:0150011","regulation of neuron projection arborization","1/24","15/25615",0.0666666666666667,71.1527777777778,8.32283364232729,0.0139662532379385,0.0320841436835042,0.0110978667738508,"Dlg4",1
"GO:1903377","negative regulation of oxidative stress-induced neuron intrinsic apoptotic signaling pathway","1/24","15/25615",0.0666666666666667,71.1527777777778,8.32283364232729,0.0139662532379385,0.0320841436835042,0.0110978667738508,"Akt1",1
"GO:1903977","positive regulation of glial cell migration","1/24","15/25615",0.0666666666666667,71.1527777777778,8.32283364232729,0.0139662532379385,0.0320841436835042,0.0110978667738508,"Grin1",1
"GO:1990314","cellular response to insulin-like growth factor stimulus","1/24","15/25615",0.0666666666666667,71.1527777777778,8.32283364232729,0.0139662532379385,0.0320841436835042,0.0110978667738508,"Creb1",1
"GO:1990708","conditioned place preference","1/24","15/25615",0.0666666666666667,71.1527777777778,8.32283364232729,0.0139662532379385,0.0320841436835042,0.0110978667738508,"Bdnf",1
"GO:2000402","negative regulation of lymphocyte migration","1/24","15/25615",0.0666666666666667,71.1527777777778,8.32283364232729,0.0139662532379385,0.0320841436835042,0.0110978667738508,"Akt1",1
"GO:0035725","sodium ion transmembrane transport","2/24","194/25615",0.0103092783505155,11.0030068728522,4.28287906920386,0.0141166776096781,0.0323453653423313,0.0111882230319672,"Grin1/Grin2a",2
"GO:0071230","cellular response to amino acid stimulus","2/24","194/25615",0.0103092783505155,11.0030068728522,4.28287906920386,0.0141166776096781,0.0323453653423313,0.0111882230319672,"Ntrk2/Grin2a",2
"GO:0043484","regulation of RNA splicing","2/24","197/25615",0.0101522842639594,10.835448392555,4.24382321690381,0.014533017805095,0.0332129408204635,0.0114883163480784,"Pik3r1/Akt2",2
"GO:0141193","nuclear receptor-mediated signaling pathway","2/24","197/25615",0.0101522842639594,10.835448392555,4.24382321690381,0.014533017805095,0.0332129408204635,0.0114883163480784,"Ntrk2/Bdnf",2
"GO:0015718","monocarboxylic acid transport","2/24","198/25615",0.0101010101010101,10.7807239057239,4.23099142699397,0.0146729790461163,0.0333384278280557,0.0115317221533211,"Akt1/Akt2",2
"GO:0006206","pyrimidine nucleobase metabolic process","1/24","16/25615",0.0625,66.7057291666667,8.05104817656973,0.0148906598755277,0.0333384278280557,0.0115317221533211,"Mapk1",1
"GO:0009415","response to water","1/24","16/25615",0.0625,66.7057291666667,8.05104817656973,0.0148906598755277,0.0333384278280557,0.0115317221533211,"Pik3ca",1
"GO:0010459","negative regulation of heart rate","1/24","16/25615",0.0625,66.7057291666667,8.05104817656973,0.0148906598755277,0.0333384278280557,0.0115317221533211,"Pik3r1",1
"GO:0016081","synaptic vesicle docking","1/24","16/25615",0.0625,66.7057291666667,8.05104817656973,0.0148906598755277,0.0333384278280557,0.0115317221533211,"Camk2a",1
"GO:0032905","transforming growth factor beta1 production","1/24","16/25615",0.0625,66.7057291666667,8.05104817656973,0.0148906598755277,0.0333384278280557,0.0115317221533211,"Jun",1
"GO:0042048","olfactory behavior","1/24","16/25615",0.0625,66.7057291666667,8.05104817656973,0.0148906598755277,0.0333384278280557,0.0115317221533211,"Grin1",1
"GO:0043201","response to L-leucine","1/24","16/25615",0.0625,66.7057291666667,8.05104817656973,0.0148906598755277,0.0333384278280557,0.0115317221533211,"Pik3ca",1
"GO:0046548","retinal rod cell development","1/24","16/25615",0.0625,66.7057291666667,8.05104817656973,0.0148906598755277,0.0333384278280557,0.0115317221533211,"Ntrk2",1
"GO:0048680","positive regulation of axon regeneration","1/24","16/25615",0.0625,66.7057291666667,8.05104817656973,0.0148906598755277,0.0333384278280557,0.0115317221533211,"Bdnf",1
"GO:0055119","relaxation of cardiac muscle","1/24","16/25615",0.0625,66.7057291666667,8.05104817656973,0.0148906598755277,0.0333384278280557,0.0115317221533211,"Pik3ca",1
"GO:0060179","male mating behavior","1/24","16/25615",0.0625,66.7057291666667,8.05104817656973,0.0148906598755277,0.0333384278280557,0.0115317221533211,"Grin1",1
"GO:0061029","eyelid development in camera-type eye","1/24","16/25615",0.0625,66.7057291666667,8.05104817656973,0.0148906598755277,0.0333384278280557,0.0115317221533211,"Jun",1
"GO:0070141","response to UV-A","1/24","16/25615",0.0625,66.7057291666667,8.05104817656973,0.0148906598755277,0.0333384278280557,0.0115317221533211,"Akt1",1
"GO:0072224","metanephric glomerulus development","1/24","16/25615",0.0625,66.7057291666667,8.05104817656973,0.0148906598755277,0.0333384278280557,0.0115317221533211,"Egr1",1
"GO:1904627","response to phorbol 13-acetate 12-myristate","1/24","16/25615",0.0625,66.7057291666667,8.05104817656973,0.0148906598755277,0.0333384278280557,0.0115317221533211,"Fos",1
"GO:0048592","eye morphogenesis","2/24","200/25615",0.01,10.6729166666667,4.20560114399841,0.0149546665084068,0.0334392416088994,0.0115665935190589,"Ntrk2/Bdnf",2
"GO:0007254","JNK cascade","2/24","201/25615",0.0099502487562189,10.6198175787728,4.19304040641828,0.0150963904735445,0.0336281163266566,0.0116319250571326,"Akt1/Jun",2
"GO:0030258","lipid modification","2/24","201/25615",0.0099502487562189,10.6198175787728,4.19304040641828,0.0150963904735445,0.0336281163266566,0.0116319250571326,"Akt1/Akt2",2
"GO:0030307","positive regulation of cell growth","2/24","201/25615",0.0099502487562189,10.6198175787728,4.19304040641828,0.0150963904735445,0.0336281163266566,0.0116319250571326,"Akt1/Bdnf",2
"GO:0007204","positive regulation of cytosolic calcium ion concentration","2/24","202/25615",0.0099009900990099,10.5672442244224,4.18056780741648,0.0152386997596621,0.0338595069060839,0.0117119627807053,"Grin1/Dlg4",2
"GO:0062207","regulation of pattern recognition receptor signaling pathway","2/24","202/25615",0.0099009900990099,10.5672442244224,4.18056780741648,0.0152386997596621,0.0338595069060839,0.0117119627807053,"Akt1/Pik3r1",2
"GO:0030534","adult behavior","2/24","203/25615",0.00985221674876847,10.5151888341544,4.16818227254665,0.0153815932423,0.0341339638450032,0.0118068971063127,"Grin1/Bdnf",2
"GO:0002091","negative regulation of receptor internalization","1/24","17/25615",0.0588235294117647,62.781862745098,7.80338683609635,0.0158142359590855,0.0344433668231256,0.0119139192249177,"Dlg4",1
"GO:0002835","negative regulation of response to tumor cell","1/24","17/25615",0.0588235294117647,62.781862745098,7.80338683609635,0.0158142359590855,0.0344433668231256,0.0119139192249177,"Mapk3",1
"GO:0002838","negative regulation of immune response to tumor cell","1/24","17/25615",0.0588235294117647,62.781862745098,7.80338683609635,0.0158142359590855,0.0344433668231256,0.0119139192249177,"Mapk3",1
"GO:0003376","sphingosine-1-phosphate receptor signaling pathway","1/24","17/25615",0.0588235294117647,62.781862745098,7.80338683609635,0.0158142359590855,0.0344433668231256,0.0119139192249177,"Akt1",1
"GO:0006607","NLS-bearing protein import into nucleus","1/24","17/25615",0.0588235294117647,62.781862745098,7.80338683609635,0.0158142359590855,0.0344433668231256,0.0119139192249177,"Akt1",1
"GO:0010524","positive regulation of calcium ion transport into cytosol","1/24","17/25615",0.0588235294117647,62.781862745098,7.80338683609635,0.0158142359590855,0.0344433668231256,0.0119139192249177,"Grin1",1
"GO:0010832","negative regulation of myotube differentiation","1/24","17/25615",0.0588235294117647,62.781862745098,7.80338683609635,0.0158142359590855,0.0344433668231256,0.0119139192249177,"Bdnf",1
"GO:0014049","positive regulation of glutamate secretion","1/24","17/25615",0.0588235294117647,62.781862745098,7.80338683609635,0.0158142359590855,0.0344433668231256,0.0119139192249177,"Grin2b",1
"GO:0043923","host-mediated activation of viral transcription","1/24","17/25615",0.0588235294117647,62.781862745098,7.80338683609635,0.0158142359590855,0.0344433668231256,0.0119139192249177,"Jun",1
"GO:0046322","negative regulation of fatty acid oxidation","1/24","17/25615",0.0588235294117647,62.781862745098,7.80338683609635,0.0158142359590855,0.0344433668231256,0.0119139192249177,"Akt1",1
"GO:0046886","positive regulation of hormone biosynthetic process","1/24","17/25615",0.0588235294117647,62.781862745098,7.80338683609635,0.0158142359590855,0.0344433668231256,0.0119139192249177,"Egr1",1
"GO:0060712","spongiotrophoblast layer development","1/24","17/25615",0.0588235294117647,62.781862745098,7.80338683609635,0.0158142359590855,0.0344433668231256,0.0119139192249177,"Akt1",1
"GO:0061370","testosterone biosynthetic process","1/24","17/25615",0.0588235294117647,62.781862745098,7.80338683609635,0.0158142359590855,0.0344433668231256,0.0119139192249177,"Creb1",1
"GO:0070572","positive regulation of neuron projection regeneration","1/24","17/25615",0.0588235294117647,62.781862745098,7.80338683609635,0.0158142359590855,0.0344433668231256,0.0119139192249177,"Bdnf",1
"GO:0098792","xenophagy","1/24","17/25615",0.0588235294117647,62.781862745098,7.80338683609635,0.0158142359590855,0.0344433668231256,0.0119139192249177,"Mapk3",1
"GO:0035051","cardiocyte differentiation","2/24","209/25615",0.00956937799043062,10.21331738437,4.09563950519038,0.016251159476539,0.0353512876514341,0.0122279679492086,"Mapk3/Mapk1",2
"GO:0007519","skeletal muscle tissue development","2/24","210/25615",0.00952380952380952,10.1646825396825,4.08383482796575,0.016398110970699,0.0355830930176991,0.0123081491470505,"Fos/Egr1",2
"GO:0043123","positive regulation of canonical NF-kappaB signal transduction","2/24","210/25615",0.00952380952380952,10.1646825396825,4.08383482796575,0.016398110970699,0.0355830930176991,0.0123081491470505,"Gapdh/Camk2a",2
"GO:0007614","short-term memory","1/24","18/25615",0.0555555555555556,59.2939814814815,7.57645646424391,0.0167369822024241,0.0356596888037138,0.0123346435374576,"Npas4",1
"GO:0010623","programmed cell death involved in cell development","1/24","18/25615",0.0555555555555556,59.2939814814815,7.57645646424391,0.0167369822024241,0.0356596888037138,0.0123346435374576,"Bdnf",1
"GO:0010800","positive regulation of peptidyl-threonine phosphorylation","1/24","18/25615",0.0555555555555556,59.2939814814815,7.57645646424391,0.0167369822024241,0.0356596888037138,0.0123346435374576,"Mapk1",1
"GO:0032933","SREBP signaling pathway","1/24","18/25615",0.0555555555555556,59.2939814814815,7.57645646424391,0.0167369822024241,0.0356596888037138,0.0123346435374576,"Akt1",1
"GO:0035729","cellular response to hepatocyte growth factor stimulus","1/24","18/25615",0.0555555555555556,59.2939814814815,7.57645646424391,0.0167369822024241,0.0356596888037138,0.0123346435374576,"Creb1",1
"GO:0036444","calcium import into the mitochondrion","1/24","18/25615",0.0555555555555556,59.2939814814815,7.57645646424391,0.0167369822024241,0.0356596888037138,0.0123346435374576,"Akt1",1
"GO:0038083","peptidyl-tyrosine autophosphorylation","1/24","18/25615",0.0555555555555556,59.2939814814815,7.57645646424391,0.0167369822024241,0.0356596888037138,0.0123346435374576,"Mapk3",1
"GO:0044849","estrous cycle","1/24","18/25615",0.0555555555555556,59.2939814814815,7.57645646424391,0.0167369822024241,0.0356596888037138,0.0123346435374576,"Egr1",1
"GO:0045655","regulation of monocyte differentiation","1/24","18/25615",0.0555555555555556,59.2939814814815,7.57645646424391,0.0167369822024241,0.0356596888037138,0.0123346435374576,"Jun",1
"GO:0045843","negative regulation of striated muscle tissue development","1/24","18/25615",0.0555555555555556,59.2939814814815,7.57645646424391,0.0167369822024241,0.0356596888037138,0.0123346435374576,"Bdnf",1
"GO:0072109","glomerular mesangium development","1/24","18/25615",0.0555555555555556,59.2939814814815,7.57645646424391,0.0167369822024241,0.0356596888037138,0.0123346435374576,"Egr1",1
"GO:0090493","catecholamine uptake","1/24","18/25615",0.0555555555555556,59.2939814814815,7.57645646424391,0.0167369822024241,0.0356596888037138,0.0123346435374576,"Actb",1
"GO:1901298","regulation of hydrogen peroxide-mediated programmed cell death","1/24","18/25615",0.0555555555555556,59.2939814814815,7.57645646424391,0.0167369822024241,0.0356596888037138,0.0123346435374576,"Akt1",1
"GO:1904181","positive regulation of membrane depolarization","1/24","18/25615",0.0555555555555556,59.2939814814815,7.57645646424391,0.0167369822024241,0.0356596888037138,0.0123346435374576,"Creb1",1
"GO:2000269","regulation of fibroblast apoptotic process","1/24","18/25615",0.0555555555555556,59.2939814814815,7.57645646424391,0.0167369822024241,0.0356596888037138,0.0123346435374576,"Pik3ca",1
"GO:0060041","retina development in camera-type eye","2/24","213/25615",0.00938967136150235,10.0215179968701,4.04889170330244,0.0168424125236548,0.0358409793075842,0.0123973517050548,"Fos/Ntrk2",2
"GO:0061136","regulation of proteasomal protein catabolic process","2/24","214/25615",0.00934579439252336,9.97468847352025,4.03739793812306,0.0169916583643601,0.0361149602388451,0.0124921213801848,"Akt1/Mapk3",2
"GO:0071322","cellular response to carbohydrate stimulus","2/24","217/25615",0.00921658986175115,9.83678955453149,4.00336617154437,0.0174428163536542,0.0370292077290827,0.01280835848924,"Pik3ca/Akt1",2
"GO:0002424","T cell mediated immune response to tumor cell","1/24","19/25615",0.0526315789473684,56.1732456140351,7.36749716200573,0.0176588993187716,0.0370416435710424,0.0128126600320411,"Mapk3",1
"GO:0002840","regulation of T cell mediated immune response to tumor cell","1/24","19/25615",0.0526315789473684,56.1732456140351,7.36749716200573,0.0176588993187716,0.0370416435710424,0.0128126600320411,"Mapk3",1
"GO:0019682","glyceraldehyde-3-phosphate metabolic process","1/24","19/25615",0.0526315789473684,56.1732456140351,7.36749716200573,0.0176588993187716,0.0370416435710424,0.0128126600320411,"Gapdh",1
"GO:0042428","serotonin metabolic process","1/24","19/25615",0.0526315789473684,56.1732456140351,7.36749716200573,0.0176588993187716,0.0370416435710424,0.0128126600320411,"Grin2a",1
"GO:0071380","cellular response to prostaglandin E stimulus","1/24","19/25615",0.0526315789473684,56.1732456140351,7.36749716200573,0.0176588993187716,0.0370416435710424,0.0128126600320411,"Akt1",1
"GO:0071501","cellular response to sterol depletion","1/24","19/25615",0.0526315789473684,56.1732456140351,7.36749716200573,0.0176588993187716,0.0370416435710424,0.0128126600320411,"Akt1",1
"GO:0097113","AMPA glutamate receptor clustering","1/24","19/25615",0.0526315789473684,56.1732456140351,7.36749716200573,0.0176588993187716,0.0370416435710424,0.0128126600320411,"Dlg4",1
"GO:0099562","maintenance of postsynaptic density structure","1/24","19/25615",0.0526315789473684,56.1732456140351,7.36749716200573,0.0176588993187716,0.0370416435710424,0.0128126600320411,"Dlg4",1
"GO:1901862","negative regulation of muscle tissue development","1/24","19/25615",0.0526315789473684,56.1732456140351,7.36749716200573,0.0176588993187716,0.0370416435710424,0.0128126600320411,"Bdnf",1
"GO:1902065","response to L-glutamate","1/24","19/25615",0.0526315789473684,56.1732456140351,7.36749716200573,0.0176588993187716,0.0370416435710424,0.0128126600320411,"Creb1",1
"GO:0001678","intracellular glucose homeostasis","2/24","220/25615",0.00909090909090909,9.70265151515152,3.9699909802988,0.0178990818653014,0.0375008112326529,0.0129714855748289,"Pik3ca/Pik3r1",2
"GO:0070374","positive regulation of ERK1 and ERK2 cascade","2/24","221/25615",0.00904977375565611,9.65874811463047,3.95900800915449,0.0180523002366166,0.0377769038205683,0.01306698566946,"Mapk3/Jun",2
"GO:0045017","glycerolipid biosynthetic process","2/24","222/25615",0.00900900900900901,9.61524024024024,3.94809476530325,0.0182060817115282,0.0380535183579036,0.0131626663057687,"Pik3ca/Pik3r1",2
"GO:0009755","hormone-mediated signaling pathway","2/24","223/25615",0.00896860986547085,9.5721225710015,3.93725047589491,0.0183604251940813,0.0382452557156506,0.0132289880275773,"Ntrk2/Bdnf",2
"GO:0002430","complement receptor mediated signaling pathway","1/24","20/25615",0.05,53.3645833333333,7.17423796936663,0.0185799880207701,0.0382452557156506,0.0132289880275773,"Akt1",1
"GO:0032222","regulation of synaptic transmission, cholinergic","1/24","20/25615",0.05,53.3645833333333,7.17423796936663,0.0185799880207701,0.0382452557156506,0.0132289880275773,"Camk2b",1
"GO:0035864","response to potassium ion","1/24","20/25615",0.05,53.3645833333333,7.17423796936663,0.0185799880207701,0.0382452557156506,0.0132289880275773,"Dlg4",1
"GO:0042448","progesterone metabolic process","1/24","20/25615",0.05,53.3645833333333,7.17423796936663,0.0185799880207701,0.0382452557156506,0.0132289880275773,"Egr1",1
"GO:0048635","negative regulation of muscle organ development","1/24","20/25615",0.05,53.3645833333333,7.17423796936663,0.0185799880207701,0.0382452557156506,0.0132289880275773,"Bdnf",1
"GO:0071636","positive regulation of transforming growth factor beta production","1/24","20/25615",0.05,53.3645833333333,7.17423796936663,0.0185799880207701,0.0382452557156506,0.0132289880275773,"Creb1",1
"GO:0072350","tricarboxylic acid metabolic process","1/24","20/25615",0.05,53.3645833333333,7.17423796936663,0.0185799880207701,0.0382452557156506,0.0132289880275773,"Akt1",1
"GO:0097091","synaptic vesicle clustering","1/24","20/25615",0.05,53.3645833333333,7.17423796936663,0.0185799880207701,0.0382452557156506,0.0132289880275773,"Syn1",1
"GO:0097688","glutamate receptor clustering","1/24","20/25615",0.05,53.3645833333333,7.17423796936663,0.0185799880207701,0.0382452557156506,0.0132289880275773,"Dlg4",1
"GO:0098693","regulation of synaptic vesicle cycle","1/24","20/25615",0.05,53.3645833333333,7.17423796936663,0.0185799880207701,0.0382452557156506,0.0132289880275773,"Syn1",1
"GO:0160049","negative regulation of cGAS/STING signaling pathway","1/24","20/25615",0.05,53.3645833333333,7.17423796936663,0.0185799880207701,0.0382452557156506,0.0132289880275773,"Akt1",1
"GO:1902430","negative regulation of amyloid-beta formation","1/24","20/25615",0.05,53.3645833333333,7.17423796936663,0.0185799880207701,0.0382452557156506,0.0132289880275773,"Ntrk2",1
"GO:0060538","skeletal muscle organ development","2/24","225/25615",0.00888888888888889,9.48703703703704,3.91576572888066,0.0186707938053374,0.0383425858799587,0.0132626544145386,"Fos/Egr1",2
"GO:0120032","regulation of plasma membrane bounded cell projection assembly","2/24","225/25615",0.00888888888888889,9.48703703703704,3.91576572888066,0.0186707938053374,0.0383425858799587,0.0132626544145386,"Akt1/Pik3r1",2
"GO:0050679","positive regulation of epithelial cell proliferation","2/24","226/25615",0.00884955752212389,9.44505899705015,3.90512378473468,0.0188268167491712,0.0386179873248424,0.0133579154436249,"Akt1/Jun",2
"GO:0060491","regulation of cell projection assembly","2/24","228/25615",0.0087719298245614,9.36220760233918,3.88403712406507,0.0191405344616151,0.0392158392108904,0.0135647116931152,"Akt1/Pik3r1",2
"GO:0031345","negative regulation of cell projection organization","2/24","229/25615",0.00873362445414847,9.32132459970888,3.87359098826486,0.0192982270537801,0.0394030261170649,0.0136294594191891,"Akt1/Grin2b",2
"GO:0006991","response to sterol depletion","1/24","21/25615",0.0476190476190476,50.8234126984127,6.99479081690596,0.0195002490204771,0.0394030261170649,0.0136294594191891,"Akt1",1
"GO:0009642","response to light intensity","1/24","21/25615",0.0476190476190476,50.8234126984127,6.99479081690596,0.0195002490204771,0.0394030261170649,0.0136294594191891,"Akt2",1
"GO:0010226","response to lithium ion","1/24","21/25615",0.0476190476190476,50.8234126984127,6.99479081690596,0.0195002490204771,0.0394030261170649,0.0136294594191891,"Grin2a",1
"GO:0010421","hydrogen peroxide-mediated programmed cell death","1/24","21/25615",0.0476190476190476,50.8234126984127,6.99479081690596,0.0195002490204771,0.0394030261170649,0.0136294594191891,"Akt1",1
"GO:0033762","response to glucagon","1/24","21/25615",0.0476190476190476,50.8234126984127,6.99479081690596,0.0195002490204771,0.0394030261170649,0.0136294594191891,"Creb1",1
"GO:0035728","response to hepatocyte growth factor","1/24","21/25615",0.0476190476190476,50.8234126984127,6.99479081690596,0.0195002490204771,0.0394030261170649,0.0136294594191891,"Creb1",1
"GO:0045836","positive regulation of meiotic nuclear division","1/24","21/25615",0.0476190476190476,50.8234126984127,6.99479081690596,0.0195002490204771,0.0394030261170649,0.0136294594191891,"Camk2b",1
"GO:0060134","prepulse inhibition","1/24","21/25615",0.0476190476190476,50.8234126984127,6.99479081690596,0.0195002490204771,0.0394030261170649,0.0136294594191891,"Grin1",1
"GO:0090201","negative regulation of release of cytochrome c from mitochondria","1/24","21/25615",0.0476190476190476,50.8234126984127,6.99479081690596,0.0195002490204771,0.0394030261170649,0.0136294594191891,"Akt1",1
"GO:0090520","sphingolipid mediated signaling pathway","1/24","21/25615",0.0476190476190476,50.8234126984127,6.99479081690596,0.0195002490204771,0.0394030261170649,0.0136294594191891,"Akt1",1
"GO:1902992","negative regulation of amyloid precursor protein catabolic process","1/24","21/25615",0.0476190476190476,50.8234126984127,6.99479081690596,0.0195002490204771,0.0394030261170649,0.0136294594191891,"Ntrk2",1
"GO:0035265","organ growth","2/24","231/25615",0.00865800865800866,9.24062049062049,3.85288963787025,0.0196152742793882,0.0395900495764971,0.013694150609231,"Akt1/Mapk1",2
"GO:0030595","leukocyte chemotaxis","2/24","233/25615",0.00858369098712446,9.16130185979971,3.83243834636375,0.0199345303355348,0.0401883780906319,0.0139011117238042,"Mapk3/Mapk1",2
"GO:0031099","regeneration","2/24","234/25615",0.00854700854700855,9.122150997151,3.82230482190228,0.0200949839711072,0.0404655562938182,0.0139969873314539,"Jun/Bdnf",2
"GO:0006605","protein targeting","2/24","235/25615",0.00851063829787234,9.08333333333333,3.81223185079676,0.0202559865723583,0.0405174341190799,0.0140149318089177,"Grin2a/Akt2",2
"GO:0010522","regulation of calcium ion transport into cytosol","1/24","22/25615",0.0454545454545455,48.5132575757576,6.82757130384689,0.020419683029366,0.0405174341190799,0.0140149318089177,"Grin1",1
"GO:0010763","positive regulation of fibroblast migration","1/24","22/25615",0.0454545454545455,48.5132575757576,6.82757130384689,0.020419683029366,0.0405174341190799,0.0140149318089177,"Akt1",1
"GO:0010951","negative regulation of endopeptidase activity","1/24","22/25615",0.0454545454545455,48.5132575757576,6.82757130384689,0.020419683029366,0.0405174341190799,0.0140149318089177,"Gapdh",1
"GO:0046321","positive regulation of fatty acid oxidation","1/24","22/25615",0.0454545454545455,48.5132575757576,6.82757130384689,0.020419683029366,0.0405174341190799,0.0140149318089177,"Akt2",1
"GO:0061621","canonical glycolysis","1/24","22/25615",0.0454545454545455,48.5132575757576,6.82757130384689,0.020419683029366,0.0405174341190799,0.0140149318089177,"Gapdh",1
"GO:0061718","glucose catabolic process to pyruvate","1/24","22/25615",0.0454545454545455,48.5132575757576,6.82757130384689,0.020419683029366,0.0405174341190799,0.0140149318089177,"Gapdh",1
"GO:0071379","cellular response to prostaglandin stimulus","1/24","22/25615",0.0454545454545455,48.5132575757576,6.82757130384689,0.020419683029366,0.0405174341190799,0.0140149318089177,"Akt1",1
"GO:0072111","cell proliferation involved in kidney development","1/24","22/25615",0.0454545454545455,48.5132575757576,6.82757130384689,0.020419683029366,0.0405174341190799,0.0140149318089177,"Egr1",1
"GO:0097468","programmed cell death in response to reactive oxygen species","1/24","22/25615",0.0454545454545455,48.5132575757576,6.82757130384689,0.020419683029366,0.0405174341190799,0.0140149318089177,"Akt1",1
"GO:0110076","negative regulation of ferroptosis","1/24","22/25615",0.0454545454545455,48.5132575757576,6.82757130384689,0.020419683029366,0.0405174341190799,0.0140149318089177,"Camk2a",1
"GO:1903376","regulation of oxidative stress-induced neuron intrinsic apoptotic signaling pathway","1/24","22/25615",0.0454545454545455,48.5132575757576,6.82757130384689,0.020419683029366,0.0405174341190799,0.0140149318089177,"Akt1",1
"GO:1903911","positive regulation of receptor clustering","1/24","22/25615",0.0454545454545455,48.5132575757576,6.82757130384689,0.020419683029366,0.0405174341190799,0.0140149318089177,"Dlg4",1
"GO:0008654","phospholipid biosynthetic process","2/24","237/25615",0.00843881856540084,9.00668073136428,3.79226504310617,0.0205796343622824,0.0407888816044336,0.0141088251681505,"Pik3ca/Pik3r1",2
"GO:1903320","regulation of protein modification by small protein conjugation or removal","2/24","239/25615",0.00836820083682008,8.9313110181311,3.77253296428825,0.0209054650999676,0.04138812304061,0.0143161020613616,"Akt1/Egr1",2
"GO:0006700","C21-steroid hormone biosynthetic process","1/24","23/25615",0.0434782608695652,46.4039855072464,6.67123863400655,0.021338290758327,0.0419153492933916,0.0144984689891115,"Egr1",1
"GO:0016078","tRNA decay","1/24","23/25615",0.0434782608695652,46.4039855072464,6.67123863400655,0.021338290758327,0.0419153492933916,0.0144984689891115,"Akt1",1
"GO:0034122","negative regulation of toll-like receptor signaling pathway","1/24","23/25615",0.0434782608695652,46.4039855072464,6.67123863400655,0.021338290758327,0.0419153492933916,0.0144984689891115,"Akt1",1
"GO:0035641","locomotory exploration behavior","1/24","23/25615",0.0434782608695652,46.4039855072464,6.67123863400655,0.021338290758327,0.0419153492933916,0.0144984689891115,"Dlg4",1
"GO:0044346","fibroblast apoptotic process","1/24","23/25615",0.0434782608695652,46.4039855072464,6.67123863400655,0.021338290758327,0.0419153492933916,0.0144984689891115,"Pik3ca",1
"GO:0050966","detection of mechanical stimulus involved in sensory perception of pain","1/24","23/25615",0.0434782608695652,46.4039855072464,6.67123863400655,0.021338290758327,0.0419153492933916,0.0144984689891115,"Grin2b",1
"GO:0060396","growth hormone receptor signaling pathway","1/24","23/25615",0.0434782608695652,46.4039855072464,6.67123863400655,0.021338290758327,0.0419153492933916,0.0144984689891115,"Pik3r1",1
"GO:0043542","endothelial cell migration","2/24","243/25615",0.00823045267489712,8.78429355281207,3.73375386944319,0.021563641108166,0.0422168173695428,0.0146027464346528,"Akt1/Akt2",2
"GO:0051260","protein homooligomerization","2/24","243/25615",0.00823045267489712,8.78429355281207,3.73375386944319,0.021563641108166,0.0422168173695428,0.0146027464346528,"Syp/Arc",2
"GO:0097529","myeloid leukocyte migration","2/24","243/25615",0.00823045267489712,8.78429355281207,3.73375386944319,0.021563641108166,0.0422168173695428,0.0146027464346528,"Mapk3/Mapk1",2
"GO:0002520","immune system development","2/24","244/25615",0.00819672131147541,8.74829234972677,3.72419844313954,0.0217295360681965,0.0424943868503466,0.0146987573847606,"Mapk3/Mapk1",2
"GO:0002181","cytoplasmic translation","2/24","245/25615",0.00816326530612245,8.7125850340136,3.71469763190922,0.0218959692787596,0.0426777631296178,0.0147621870195643,"Akt1/Akt2",2
"GO:0035264","multicellular organism growth","2/24","245/25615",0.00816326530612245,8.7125850340136,3.71469763190922,0.0218959692787596,0.0426777631296178,0.0147621870195643,"Pik3ca/Creb1",2
"GO:1901873","regulation of post-translational protein modification","2/24","245/25615",0.00816326530612245,8.7125850340136,3.71469763190922,0.0218959692787596,0.0426777631296178,0.0147621870195643,"Akt1/Egr1",2
"GO:0007625","grooming behavior","1/24","24/25615",0.0416666666666667,44.4704861111111,6.52464946420214,0.022256072917666,0.0428581426021065,0.0148245800625005,"Dlg4",1
"GO:0031952","regulation of protein autophosphorylation","1/24","24/25615",0.0416666666666667,44.4704861111111,6.52464946420214,0.022256072917666,0.0428581426021065,0.0148245800625005,"Jun",1
"GO:0033233","regulation of protein sumoylation","1/24","24/25615",0.0416666666666667,44.4704861111111,6.52464946420214,0.022256072917666,0.0428581426021065,0.0148245800625005,"Egr1",1
"GO:0036480","neuron intrinsic apoptotic signaling pathway in response to oxidative stress","1/24","24/25615",0.0416666666666667,44.4704861111111,6.52464946420214,0.022256072917666,0.0428581426021065,0.0148245800625005,"Akt1",1
"GO:0038003","G protein-coupled opioid receptor signaling pathway","1/24","24/25615",0.0416666666666667,44.4704861111111,6.52464946420214,0.022256072917666,0.0428581426021065,0.0148245800625005,"Syp",1
"GO:0045838","positive regulation of membrane potential","1/24","24/25615",0.0416666666666667,44.4704861111111,6.52464946420214,0.022256072917666,0.0428581426021065,0.0148245800625005,"Akt1",1
"GO:0048015","phosphatidylinositol-mediated signaling","1/24","24/25615",0.0416666666666667,44.4704861111111,6.52464946420214,0.022256072917666,0.0428581426021065,0.0148245800625005,"Pik3ca",1
"GO:0048670","regulation of collateral sprouting","1/24","24/25615",0.0416666666666667,44.4704861111111,6.52464946420214,0.022256072917666,0.0428581426021065,0.0148245800625005,"Bdnf",1
"GO:0060221","retinal rod cell differentiation","1/24","24/25615",0.0416666666666667,44.4704861111111,6.52464946420214,0.022256072917666,0.0428581426021065,0.0148245800625005,"Ntrk2",1
"GO:0071625","vocalization behavior","1/24","24/25615",0.0416666666666667,44.4704861111111,6.52464946420214,0.022256072917666,0.0428581426021065,0.0148245800625005,"Dlg4",1
"GO:1903975","regulation of glial cell migration","1/24","24/25615",0.0416666666666667,44.4704861111111,6.52464946420214,0.022256072917666,0.0428581426021065,0.0148245800625005,"Grin1",1
"GO:0014856","skeletal muscle cell proliferation","1/24","25/25615",0.04,42.6916666666667,6.38682201003252,0.0231730302171058,0.0441414910730167,0.0152684887575582,"Fos",1
"GO:0031145","anaphase-promoting complex-dependent catabolic process","1/24","25/25615",0.04,42.6916666666667,6.38682201003252,0.0231730302171058,0.0441414910730167,0.0152684887575582,"Akt1",1
"GO:0043586","tongue development","1/24","25/25615",0.04,42.6916666666667,6.38682201003252,0.0231730302171058,0.0441414910730167,0.0152684887575582,"Bdnf",1
"GO:0048148","behavioral response to cocaine","1/24","25/25615",0.04,42.6916666666667,6.38682201003252,0.0231730302171058,0.0441414910730167,0.0152684887575582,"Bdnf",1
"GO:0061620","glycolytic process through glucose-6-phosphate","1/24","25/25615",0.04,42.6916666666667,6.38682201003252,0.0231730302171058,0.0441414910730167,0.0152684887575582,"Gapdh",1
"GO:0061760","antifungal innate immune response","1/24","25/25615",0.04,42.6916666666667,6.38682201003252,0.0231730302171058,0.0441414910730167,0.0152684887575582,"Gapdh",1
"GO:0071378","cellular response to growth hormone stimulus","1/24","25/25615",0.04,42.6916666666667,6.38682201003252,0.0231730302171058,0.0441414910730167,0.0152684887575582,"Pik3r1",1
"GO:0098877","neurotransmitter receptor transport to plasma membrane","1/24","25/25615",0.04,42.6916666666667,6.38682201003252,0.0231730302171058,0.0441414910730167,0.0152684887575582,"Camk2a",1
"GO:1903428","positive regulation of reactive oxygen species biosynthetic process","1/24","25/25615",0.04,42.6916666666667,6.38682201003252,0.0231730302171058,0.0441414910730167,0.0152684887575582,"Grin1",1
"GO:2000010","positive regulation of protein localization to cell surface","1/24","25/25615",0.04,42.6916666666667,6.38682201003252,0.0231730302171058,0.0441414910730167,0.0152684887575582,"Akt1",1
"GO:0016054","organic acid catabolic process","2/24","255/25615",0.00784313725490196,8.37091503267974,3.62257650103971,0.0235896717808593,0.0448381895122697,0.0155094759111083,"Akt1/Akt2",2
"GO:0046395","carboxylic acid catabolic process","2/24","255/25615",0.00784313725490196,8.37091503267974,3.62257650103971,0.0235896717808593,0.0448381895122697,0.0155094759111083,"Akt1/Akt2",2
"GO:0060047","heart contraction","2/24","256/25615",0.0078125,8.33821614583333,3.6136419193005,0.0237619558303691,0.0450684242982889,0.015589113847129,"Pik3ca/Pik3r1",2
"GO:2001234","negative regulation of apoptotic signaling pathway","2/24","256/25615",0.0078125,8.33821614583333,3.6136419193005,0.0237619558303691,0.0450684242982889,0.015589113847129,"Akt1/Bdnf",2
"GO:0006851","mitochondrial calcium ion transmembrane transport","1/24","26/25615",0.0384615384615385,41.0496794871795,6.25690781902953,0.0240891633657891,0.0452506458960773,0.0156521440789944,"Akt1",1
"GO:0007635","chemosensory behavior","1/24","26/25615",0.0384615384615385,41.0496794871795,6.25690781902953,0.0240891633657891,0.0452506458960773,0.0156521440789944,"Grin1",1
"GO:0036315","cellular response to sterol","1/24","26/25615",0.0384615384615385,41.0496794871795,6.25690781902953,0.0240891633657891,0.0452506458960773,0.0156521440789944,"Akt1",1
"GO:0045844","positive regulation of striated muscle tissue development","1/24","26/25615",0.0384615384615385,41.0496794871795,6.25690781902953,0.0240891633657891,0.0452506458960773,0.0156521440789944,"Creb1",1
"GO:0046184","aldehyde biosynthetic process","1/24","26/25615",0.0384615384615385,41.0496794871795,6.25690781902953,0.0240891633657891,0.0452506458960773,0.0156521440789944,"Gapdh",1
"GO:0048636","positive regulation of muscle organ development","1/24","26/25615",0.0384615384615385,41.0496794871795,6.25690781902953,0.0240891633657891,0.0452506458960773,0.0156521440789944,"Creb1",1
"GO:0071475","cellular hyperosmotic salinity response","1/24","26/25615",0.0384615384615385,41.0496794871795,6.25690781902953,0.0240891633657891,0.0452506458960773,0.0156521440789944,"Akt1",1
"GO:0085020","protein K6-linked ubiquitination","1/24","26/25615",0.0384615384615385,41.0496794871795,6.25690781902953,0.0240891633657891,0.0452506458960773,0.0156521440789944,"Akt1",1
"GO:1901863","positive regulation of muscle tissue development","1/24","26/25615",0.0384615384615385,41.0496794871795,6.25690781902953,0.0240891633657891,0.0452506458960773,0.0156521440789944,"Creb1",1
"GO:0072593","reactive oxygen species metabolic process","2/24","260/25615",0.00769230769230769,8.2099358974359,3.57838417927692,0.0244563372992937,0.0458914444316885,0.0158737955229988,"Grin1/Akt1",2
"GO:0048762","mesenchymal cell differentiation","2/24","262/25615",0.00763358778625954,8.14726463104326,3.56103731766261,0.0248066605642891,0.0463767174245732,0.0160416508685273,"Mapk3/Mapk1",2
"GO:0009749","response to glucose","2/24","263/25615",0.00760456273764259,8.11628643852978,3.5524328450337,0.0249826016809,0.0463767174245732,0.0160416508685273,"Pik3ca/Egr1",2
"GO:0051056","regulation of small GTPase mediated signal transduction","2/24","263/25615",0.00760456273764259,8.11628643852978,3.5524328450337,0.0249826016809,0.0463767174245732,0.0160416508685273,"Grin2b/Grin2a",2
"GO:0031281","positive regulation of cyclase activity","1/24","27/25615",0.037037037037037,39.5293209876543,6.13416934763319,0.0250044730722727,0.0463767174245732,0.0160416508685273,"Mapk3",1
"GO:0038166","angiotensin-activated signaling pathway","1/24","27/25615",0.037037037037037,39.5293209876543,6.13416934763319,0.0250044730722727,0.0463767174245732,0.0160416508685273,"Camk2a",1
"GO:0042538","hyperosmotic salinity response","1/24","27/25615",0.037037037037037,39.5293209876543,6.13416934763319,0.0250044730722727,0.0463767174245732,0.0160416508685273,"Akt1",1
"GO:0043576","regulation of respiratory gaseous exchange","1/24","27/25615",0.037037037037037,39.5293209876543,6.13416934763319,0.0250044730722727,0.0463767174245732,0.0160416508685273,"Grin1",1
"GO:0043921","host-mediated perturbation of viral transcription","1/24","27/25615",0.037037037037037,39.5293209876543,6.13416934763319,0.0250044730722727,0.0463767174245732,0.0160416508685273,"Jun",1
"GO:0045822","negative regulation of heart contraction","1/24","27/25615",0.037037037037037,39.5293209876543,6.13416934763319,0.0250044730722727,0.0463767174245732,0.0160416508685273,"Pik3r1",1
"GO:0052548","regulation of endopeptidase activity","1/24","27/25615",0.037037037037037,39.5293209876543,6.13416934763319,0.0250044730722727,0.0463767174245732,0.0160416508685273,"Gapdh",1
"GO:1902018","negative regulation of cilium assembly","1/24","27/25615",0.037037037037037,39.5293209876543,6.13416934763319,0.0250044730722727,0.0463767174245732,0.0160416508685273,"Akt1",1
"GO:0003015","heart process","2/24","264/25615",0.00757575757575758,8.08554292929293,3.5438737718805,0.0251590610672784,0.0466143697166609,0.0161238545109903,"Pik3ca/Pik3r1",2
"GO:0009746","response to hexose","2/24","268/25615",0.00746268656716418,7.9648631840796,3.51008310777066,0.0258700605697695,0.047522588552,0.0164380063155553,"Pik3ca/Egr1",2
"GO:0021953","central nervous system neuron differentiation","2/24","268/25615",0.00746268656716418,7.9648631840796,3.51008310777066,0.0258700605697695,0.047522588552,0.0164380063155553,"Akt1/Ntrk2",2
"GO:0010466","negative regulation of peptidase activity","1/24","28/25615",0.0357142857142857,38.1175595238095,6.01796198227903,0.0259189600445358,0.047522588552,0.0164380063155553,"Gapdh",1
"GO:0010666","positive regulation of cardiac muscle cell apoptotic process","1/24","28/25615",0.0357142857142857,38.1175595238095,6.01796198227903,0.0259189600445358,0.047522588552,0.0164380063155553,"Camk2a",1
"GO:0010799","regulation of peptidyl-threonine phosphorylation","1/24","28/25615",0.0357142857142857,38.1175595238095,6.01796198227903,0.0259189600445358,0.047522588552,0.0164380063155553,"Mapk1",1
"GO:0032352","positive regulation of hormone metabolic process","1/24","28/25615",0.0357142857142857,38.1175595238095,6.01796198227903,0.0259189600445358,0.047522588552,0.0164380063155553,"Egr1",1
"GO:0050927","positive regulation of positive chemotaxis","1/24","28/25615",0.0357142857142857,38.1175595238095,6.01796198227903,0.0259189600445358,0.047522588552,0.0164380063155553,"Akt2",1
"GO:0071514","genomic imprinting","1/24","28/25615",0.0357142857142857,38.1175595238095,6.01796198227903,0.0259189600445358,0.047522588552,0.0164380063155553,"Pik3ca",1
"GO:0098880","maintenance of postsynaptic specialization structure","1/24","28/25615",0.0357142857142857,38.1175595238095,6.01796198227903,0.0259189600445358,0.047522588552,0.0164380063155553,"Dlg4",1
"GO:0150105","protein localization to cell-cell junction","1/24","28/25615",0.0357142857142857,38.1175595238095,6.01796198227903,0.0259189600445358,0.047522588552,0.0164380063155553,"Actb",1
"GO:0001667","ameboidal-type cell migration","2/24","270/25615",0.00740740740740741,7.90586419753086,3.49344944761015,0.0262286430143804,0.0480404043569004,0.016617118180683,"Akt1/Jun",2
"GO:0034599","cellular response to oxidative stress","2/24","272/25615",0.00735294117647059,7.84773284313725,3.4769860138489,0.026589269587111,0.048650356191578,0.0168280997878748,"Fos/Akt1",2
"GO:0002029","desensitization of G protein-coupled receptor signaling pathway","1/24","29/25615",0.0344827586206897,36.8031609195402,5.90771949969872,0.0268326249899737,0.0486911279426712,0.0168422026876197,"Camk2b",1
"GO:0034695","response to prostaglandin E","1/24","29/25615",0.0344827586206897,36.8031609195402,5.90771949969872,0.0268326249899737,0.0486911279426712,0.0168422026876197,"Akt1",1
"GO:0048261","negative regulation of receptor-mediated endocytosis","1/24","29/25615",0.0344827586206897,36.8031609195402,5.90771949969872,0.0268326249899737,0.0486911279426712,0.0168422026876197,"Dlg4",1
"GO:0072578","neurotransmitter-gated ion channel clustering","1/24","29/25615",0.0344827586206897,36.8031609195402,5.90771949969872,0.0268326249899737,0.0486911279426712,0.0168422026876197,"Dlg4",1
"GO:0098696","regulation of neurotransmitter receptor localization to postsynaptic specialization membrane","1/24","29/25615",0.0344827586206897,36.8031609195402,5.90771949969872,0.0268326249899737,0.0486911279426712,0.0168422026876197,"Camk2a",1
"GO:1903523","negative regulation of blood circulation","1/24","29/25615",0.0344827586206897,36.8031609195402,5.90771949969872,0.0268326249899737,0.0486911279426712,0.0168422026876197,"Pik3r1",1
"GO:1904322","cellular response to forskolin","1/24","29/25615",0.0344827586206897,36.8031609195402,5.90771949969872,0.0268326249899737,0.0486911279426712,0.0168422026876197,"Creb1",1
"GO:1904862","inhibitory synapse assembly","1/24","29/25615",0.0344827586206897,36.8031609195402,5.90771949969872,0.0268326249899737,0.0486911279426712,0.0168422026876197,"Npas4",1
"GO:0070663","regulation of leukocyte proliferation","2/24","274/25615",0.0072992700729927,7.7904501216545,3.4606897409847,0.0269519320641518,0.0488573089475673,0.016899684497665,"Mapk3/Mapk1",2
"GO:0034284","response to monosaccharide","2/24","275/25615",0.00727272727272727,7.76212121212121,3.45260335314484,0.027134024202693,0.0491368454729137,0.0169963758461181,"Pik3ca/Egr1",2
"GO:0048863","stem cell differentiation","2/24","277/25615",0.0072202166064982,7.7060770156438,3.43655224237315,0.0274997251632934,0.0494312595554509,0.0170982133237386,"Mapk3/Mapk1",2
"GO:0090068","positive regulation of cell cycle process","2/24","278/25615",0.00719424460431655,7.67835731414868,3.4285868002955,0.0276833319427366,0.0494312595554509,0.0170982133237386,"Akt1/Camk2b",2
"GO:0010592","positive regulation of lamellipodium assembly","1/24","30/25615",0.0333333333333333,35.5763888888889,5.80294221493429,0.0277454686154035,0.0494312595554509,0.0170982133237386,"Pik3r1",1
"GO:0010663","positive regulation of striated muscle cell apoptotic process","1/24","30/25615",0.0333333333333333,35.5763888888889,5.80294221493429,0.0277454686154035,0.0494312595554509,0.0170982133237386,"Camk2a",1
"GO:0014048","regulation of glutamate secretion","1/24","30/25615",0.0333333333333333,35.5763888888889,5.80294221493429,0.0277454686154035,0.0494312595554509,0.0170982133237386,"Grin2b",1
"GO:0016188","synaptic vesicle maturation","1/24","30/25615",0.0333333333333333,35.5763888888889,5.80294221493429,0.0277454686154035,0.0494312595554509,0.0170982133237386,"Dlg4",1
"GO:0022401","negative adaptation of signaling pathway","1/24","30/25615",0.0333333333333333,35.5763888888889,5.80294221493429,0.0277454686154035,0.0494312595554509,0.0170982133237386,"Camk2b",1
"GO:0023058","adaptation of signaling pathway","1/24","30/25615",0.0333333333333333,35.5763888888889,5.80294221493429,0.0277454686154035,0.0494312595554509,0.0170982133237386,"Camk2b",1
"GO:0035902","response to immobilization stress","1/24","30/25615",0.0333333333333333,35.5763888888889,5.80294221493429,0.0277454686154035,0.0494312595554509,0.0170982133237386,"Fos",1
"GO:0036010","protein localization to endosome","1/24","30/25615",0.0333333333333333,35.5763888888889,5.80294221493429,0.0277454686154035,0.0494312595554509,0.0170982133237386,"Grin2a",1
"GO:0045475","locomotor rhythm","1/24","30/25615",0.0333333333333333,35.5763888888889,5.80294221493429,0.0277454686154035,0.0494312595554509,0.0170982133237386,"Egr1",1
"GO:0046885","regulation of hormone biosynthetic process","1/24","30/25615",0.0333333333333333,35.5763888888889,5.80294221493429,0.0277454686154035,0.0494312595554509,0.0170982133237386,"Egr1",1
"GO:0050926","regulation of positive chemotaxis","1/24","30/25615",0.0333333333333333,35.5763888888889,5.80294221493429,0.0277454686154035,0.0494312595554509,0.0170982133237386,"Akt2",1
"GO:0051450","myoblast proliferation","1/24","30/25615",0.0333333333333333,35.5763888888889,5.80294221493429,0.0277454686154035,0.0494312595554509,0.0170982133237386,"Fos",1
"GO:0071480","cellular response to gamma radiation","1/24","30/25615",0.0333333333333333,35.5763888888889,5.80294221493429,0.0277454686154035,0.0494312595554509,0.0170982133237386,"Egr1",1
"GO:2000819","regulation of nucleotide-excision repair","1/24","30/25615",0.0333333333333333,35.5763888888889,5.80294221493429,0.0277454686154035,0.0494312595554509,0.0170982133237386,"Actb",1
